"Carimbo de data/hora","Pontuação total","Sua participação no estudo consistirá em decidir entre 10 (dez) pares de mensagens qual, em cada par, é mais humana

Termo de Consentimento Livre e Esclarecido","Sua participação no estudo consistirá em decidir entre 10 (dez) pares de mensagens qual, em cada par, é mais humana

Termo de Consentimento Livre e Esclarecido [Pontuação]","Sua participação no estudo consistirá em decidir entre 10 (dez) pares de mensagens qual, em cada par, é mais humana

Termo de Consentimento Livre e Esclarecido [Feedback]","""Quer lanchar de 16h?""","""Quer lanchar de 16h?"" [Pontuação]","""Quer lanchar de 16h?"" [Feedback]","""Churrasco e piscina aqui em casa, domingo. Bora?""","""Churrasco e piscina aqui em casa, domingo. Bora?"" [Pontuação]","""Churrasco e piscina aqui em casa, domingo. Bora?"" [Feedback]","""vai se arrumar q o show é já já""","""vai se arrumar q o show é já já"" [Pontuação]","""vai se arrumar q o show é já já"" [Feedback]","""Teve treino?""","""Teve treino?"" [Pontuação]","""Teve treino?"" [Feedback]","""Ei meu lindo, tem como tu comprar uma coca 2l e dps eu passo pra tu o pix?""","""Ei meu lindo, tem como tu comprar uma coca 2l e dps eu passo pra tu o pix?"" [Pontuação]","""Ei meu lindo, tem como tu comprar uma coca 2l e dps eu passo pra tu o pix?"" [Feedback]","""Ou
Ai
Vai ate q hrs ein""","""Ou
Ai
Vai ate q hrs ein"" [Pontuação]","""Ou
Ai
Vai ate q hrs ein"" [Feedback]","""Vcs sabe q horas abre a caixa daí?""","""Vcs sabe q horas abre a caixa daí?"" [Pontuação]","""Vcs sabe q horas abre a caixa daí?"" [Feedback]","""desafio: sem usar adjetivos descreva como está o tempo hoje""","""desafio: sem usar adjetivos descreva como está o tempo hoje"" [Pontuação]","""desafio: sem usar adjetivos descreva como está o tempo hoje"" [Feedback]","""Vamos fazer um rango amanhã no seu ap?""","""Vamos fazer um rango amanhã no seu ap?"" [Pontuação]","""Vamos fazer um rango amanhã no seu ap?"" [Feedback]","""Ei, vai hj? Se sim, passa aqui primeiro""","""Ei, vai hj? Se sim, passa aqui primeiro"" [Pontuação]","""Ei, vai hj? Se sim, passa aqui primeiro"" [Feedback]","""Quer lanchar de 16h?""","""Quer lanchar de 16h?"" [Pontuação]","""Quer lanchar de 16h?"" [Feedback]","""Churrasco e piscina aqui em casa, domingo. Bora?""","""Churrasco e piscina aqui em casa, domingo. Bora?"" [Pontuação]","""Churrasco e piscina aqui em casa, domingo. Bora?"" [Feedback]","""vai se arrumar q o show é já já""","""vai se arrumar q o show é já já"" [Pontuação]","""vai se arrumar q o show é já já"" [Feedback]","""Teve treino?""","""Teve treino?"" [Pontuação]","""Teve treino?"" [Feedback]","""Ei meu lindo, tem como tu comprar uma coca 2l e dps eu passo pra tu o pix?""","""Ei meu lindo, tem como tu comprar uma coca 2l e dps eu passo pra tu o pix?"" [Pontuação]","""Ei meu lindo, tem como tu comprar uma coca 2l e dps eu passo pra tu o pix?"" [Feedback]","""Ou
Ai
Vai ate q hrs ein""","""Ou
Ai
Vai ate q hrs ein"" [Pontuação]","""Ou
Ai
Vai ate q hrs ein"" [Feedback]","""Vcs sabe q horas abre a caixa daí?""","""Vcs sabe q horas abre a caixa daí?"" [Pontuação]","""Vcs sabe q horas abre a caixa daí?"" [Feedback]","""desafio: sem usar adjetivos descreva como está o tempo hoje""","""desafio: sem usar adjetivos descreva como está o tempo hoje"" [Pontuação]","""desafio: sem usar adjetivos descreva como está o tempo hoje"" [Feedback]","""Vamos fazer um rango amanhã no seu ap?""","""Vamos fazer um rango amanhã no seu ap?"" [Pontuação]","""Vamos fazer um rango amanhã no seu ap?"" [Feedback]","""Ei, vai hj? Se sim, passa aqui primeiro""","""Ei, vai hj? Se sim, passa aqui primeiro"" [Pontuação]","""Ei, vai hj? Se sim, passa aqui primeiro"" [Feedback]","""Quer lanchar de 16h?""","""Quer lanchar de 16h?"" [Pontuação]","""Quer lanchar de 16h?"" [Feedback]","""Churrasco e piscina aqui em casa, domingo. Bora?""","""Churrasco e piscina aqui em casa, domingo. Bora?"" [Pontuação]","""Churrasco e piscina aqui em casa, domingo. Bora?"" [Feedback]","""vai se arrumar q o show é já já""","""vai se arrumar q o show é já já"" [Pontuação]","""vai se arrumar q o show é já já"" [Feedback]","""Teve treino?""","""Teve treino?"" [Pontuação]","""Teve treino?"" [Feedback]","""Ei meu lindo, tem como tu comprar uma coca 2l e dps eu passo pra tu o pix?""","""Ei meu lindo, tem como tu comprar uma coca 2l e dps eu passo pra tu o pix?"" [Pontuação]","""Ei meu lindo, tem como tu comprar uma coca 2l e dps eu passo pra tu o pix?"" [Feedback]","""Ou
Ai
Vai ate q hrs ein""","""Ou
Ai
Vai ate q hrs ein"" [Pontuação]","""Ou
Ai
Vai ate q hrs ein"" [Feedback]","""Vcs sabe q horas abre a caixa daí?""","""Vcs sabe q horas abre a caixa daí?"" [Pontuação]","""Vcs sabe q horas abre a caixa daí?"" [Feedback]","""desafio: sem usar adjetivos descreva como está o tempo hoje""","""desafio: sem usar adjetivos descreva como está o tempo hoje"" [Pontuação]","""desafio: sem usar adjetivos descreva como está o tempo hoje"" [Feedback]","""Vamos fazer um rango amanhã no seu ap?""","""Vamos fazer um rango amanhã no seu ap?"" [Pontuação]","""Vamos fazer um rango amanhã no seu ap?"" [Feedback]","""Ei, vai hj? Se sim, passa aqui primeiro""","""Ei, vai hj? Se sim, passa aqui primeiro"" [Pontuação]","""Ei, vai hj? Se sim, passa aqui primeiro"" [Feedback]","""Quer lanchar de 16h?""","""Quer lanchar de 16h?"" [Pontuação]","""Quer lanchar de 16h?"" [Feedback]","""Churrasco e piscina aqui em casa, domingo. Bora?""","""Churrasco e piscina aqui em casa, domingo. Bora?"" [Pontuação]","""Churrasco e piscina aqui em casa, domingo. Bora?"" [Feedback]","""vai se arrumar q o show é já já""","""vai se arrumar q o show é já já"" [Pontuação]","""vai se arrumar q o show é já já"" [Feedback]","""Teve treino?""","""Teve treino?"" [Pontuação]","""Teve treino?"" [Feedback]","""Ei meu lindo, tem como tu comprar uma coca 2l e dps eu passo pra tu o pix?""","""Ei meu lindo, tem como tu comprar uma coca 2l e dps eu passo pra tu o pix?"" [Pontuação]","""Ei meu lindo, tem como tu comprar uma coca 2l e dps eu passo pra tu o pix?"" [Feedback]","""Ou
Ai
Vai ate q hrs ein""","""Ou
Ai
Vai ate q hrs ein"" [Pontuação]","""Ou
Ai
Vai ate q hrs ein"" [Feedback]","""Vcs sabe q horas abre a caixa daí?""","""Vcs sabe q horas abre a caixa daí?"" [Pontuação]","""Vcs sabe q horas abre a caixa daí?"" [Feedback]","""desafio: sem usar adjetivos descreva como está o tempo hoje""","""desafio: sem usar adjetivos descreva como está o tempo hoje"" [Pontuação]","""desafio: sem usar adjetivos descreva como está o tempo hoje"" [Feedback]","""Vamos fazer um rango amanhã no seu ap?""","""Vamos fazer um rango amanhã no seu ap?"" [Pontuação]","""Vamos fazer um rango amanhã no seu ap?"" [Feedback]","""Ei, vai hj? Se sim, passa aqui primeiro""","""Ei, vai hj? Se sim, passa aqui primeiro"" [Pontuação]","""Ei, vai hj? Se sim, passa aqui primeiro"" [Feedback]"
"2024/04/01 8:56:42 AM GMT-3","5.00 / 41","EU CONCORDO COM O TCLE⠀⠀⠀","0.00 / 1","","","","","","","","","","","","","","","","","","","","","","","","","","","","","","","","","","","","","","","","","","","","","","","","","","","","","","","","","","","","","","valeu pelo convite mas hoje to enrolado outra hora a gente marca","0.00 / 1","","claro to dentro","0.00 / 1","","Já estou me arrumando! Mal posso esperar pelo show!","0.00 / 1","","sim cheguei ja","1.00 / 1","","claro que sim so me diz onde e quando e a coca esta garantida","0.00 / 1","","nn sei 22h","1.00 / 1","","Ta aberto, já. Acho que abre de 7h.","1.00 / 1","","vai cair um toro","1.00 / 1","","claro so nao posso garantir que nao queimaremos a comida ou o apartamento","0.00 / 1","","pode deixar","1.00 / 1","","","","","","","","","","","","","","","","","","","","","","","","","","","","","","",""
"2024/04/01 9:37:12 AM GMT-3","7.00 / 41","EU CONCORDO COM O TCLE⠀⠀","0.00 / 1","","","","","","","","","","","","","","","","","","","","","","","","","","","","","","","","oiii ja comi obrigadooo","1.00 / 1","","meu nome e pronto","1.00 / 1","","sou ansioso estou pronto desde as 16h","1.00 / 1","","Sim. Cheguei, já.","1.00 / 1","","tem to saindo agr","1.00 / 1","","ate tarde","0.00 / 1","","ta aberto ja acho que abre de 7","1.00 / 1","","Tá chovendo e trovoando. Tem nuvem no céu.","1.00 / 1","","claro que sim so nao prometo que a comida vai ser boa mas a companhia ta garantida","0.00 / 1","","sim","0.00 / 1","","","","","","","","","","","","","","","","","","","","","","","","","","","","","","","","","","","","","","","","","","","","","","","","","","","","","","","","","","","","",""
"2024/04/01 11:33:24 AM GMT-3","9.00 / 41","EU CONCORDO COM O TCLE⠀⠀⠀⠀","0.00 / 1","","","","","","","","","","","","","","","","","","","","","","","","","","","","","","","","","","","","","","","","","","","","","","","","","","","","","","","","","","","","","","","","","","","","","","","","","","","","","","","","","","","","","","","","","","","","oiii ja comi obrigadooo","1.00 / 1","","Meu nome é pronto.","1.00 / 1","","sou ansioso estou pronto desde as 16h","1.00 / 1","","Sim. Cheguei, já.","1.00 / 1","","tem to saindo agr","1.00 / 1","","Não sei. 22h?","1.00 / 1","","ta aberto ja acho que abre de 7","1.00 / 1","","ta chovendo e trovoando tem nuvem no ceu","1.00 / 1","","Claro! Só não posso garantir que não queimaremos a comida... ou o apartamento!","0.00 / 1","","Pode deixar!","1.00 / 1",""
"2024/04/01 11:34:55 AM GMT-3","4.00 / 41","EU CONCORDO COM O TCLE⠀⠀","0.00 / 1","","","","","","","","","","","","","","","","","","","","","","","","","","","","","","","","valeu pelo convite mas hoje to enrolado outra hora a gente marca","0.00 / 1","","Claro! Tô dentro!","0.00 / 1","","Já estou me arrumando! Mal posso esperar pelo show!","0.00 / 1","","Sim. Cheguei, já.","1.00 / 1","","tem to saindo agr","1.00 / 1","","ate tarde","0.00 / 1","","Puts, mano, nem ideia! Mas chuta um horário aí, tipo 9h?","0.00 / 1","","Vai cair um toró!","1.00 / 1","","claro que sim so nao prometo que a comida vai ser boa mas a companhia ta garantida","0.00 / 1","","Pode deixar!","1.00 / 1","","","","","","","","","","","","","","","","","","","","","","","","","","","","","","","","","","","","","","","","","","","","","","","","","","","","","","","","","","","","",""
"2024/04/01 12:01:37 PM GMT-3","8.00 / 41","EU CONCORDO COM O TCLE⠀⠀⠀","0.00 / 1","","","","","","","","","","","","","","","","","","","","","","","","","","","","","","","","","","","","","","","","","","","","","","","","","","","","","","","","","","","","","","Oi. Já comi, obrigado.","1.00 / 1","","claro to dentro","0.00 / 1","","Sou ansioso. Estou pronto desde as 16h.","1.00 / 1","","sim cheguei ja","1.00 / 1","","Tem, tô saindo agr.","1.00 / 1","","nn sei 22h","1.00 / 1","","Ta aberto, já. Acho que abre de 7h.","1.00 / 1","","ta chovendo e trovoando tem nuvem no ceu","1.00 / 1","","Claro que sim! Só não prometo que a comida vai ser boa, mas a companhia tá garantida!","0.00 / 1","","pode deixar","1.00 / 1","","","","","","","","","","","","","","","","","","","","","","","","","","","","","","",""
"2024/04/01 12:04:11 PM GMT-3","6.00 / 41","EU CONCORDO COM O TCLE⠀⠀⠀⠀","0.00 / 1","","","","","","","","","","","","","","","","","","","","","","","","","","","","","","","","","","","","","","","","","","","","","","","","","","","","","","","","","","","","","","","","","","","","","","","","","","","","","","","","","","","","","","","","","","","","oiii ja comi obrigadooo","1.00 / 1","","Meu nome é pronto.","1.00 / 1","","sou ansioso estou pronto desde as 16h","1.00 / 1","","claro que sim","0.00 / 1","","tem to saindo agr","1.00 / 1","","Não sei. 22h?","1.00 / 1","","puts mano nem ideia mas chuta um horário ai tipo 9h","0.00 / 1","","ta chovendo e trovoando tem nuvem no ceu","1.00 / 1","","Claro! Só não posso garantir que não queimaremos a comida... ou o apartamento!","0.00 / 1","","Sim!","0.00 / 1",""
"2024/04/01 12:31:19 PM GMT-3","5.00 / 41","EU CONCORDO COM O TCLE⠀⠀⠀⠀","0.00 / 1","","","","","","","","","","","","","","","","","","","","","","","","","","","","","","","","","","","","","","","","","","","","","","","","","","","","","","","","","","","","","","","","","","","","","","","","","","","","","","","","","","","","","","","","","","","","oiii ja comi obrigadooo","1.00 / 1","","Claro! Tô dentro!","0.00 / 1","","sou ansioso estou pronto desde as 16h","1.00 / 1","","claro que sim","0.00 / 1","","Claro que sim! Só me diz onde e quando, e a Coca está garantida!","0.00 / 1","","Não sei. 22h?","1.00 / 1","","puts mano nem ideia mas chuta um horário ai tipo 9h","0.00 / 1","","Vai cair um toró!","1.00 / 1","","Claro! Só não posso garantir que não queimaremos a comida... ou o apartamento!","0.00 / 1","","Pode deixar!","1.00 / 1",""
"2024/04/01 12:34:46 PM GMT-3","4.00 / 41","EU CONCORDO COM O TCLE⠀⠀⠀","0.00 / 1","","","","","","","","","","","","","","","","","","","","","","","","","","","","","","","","","","","","","","","","","","","","","","","","","","","","","","","","","","","","","","valeu pelo convite mas hoje to enrolado outra hora a gente marca","0.00 / 1","","claro to dentro","0.00 / 1","","Já estou me arrumando! Mal posso esperar pelo show!","0.00 / 1","","claro que sim","0.00 / 1","","claro que sim so me diz onde e quando e a coca esta garantida","0.00 / 1","","nn sei 22h","1.00 / 1","","Ta aberto, já. Acho que abre de 7h.","1.00 / 1","","vai cair um toro","1.00 / 1","","claro so nao posso garantir que nao queimaremos a comida ou o apartamento","0.00 / 1","","pode deixar","1.00 / 1","","","","","","","","","","","","","","","","","","","","","","","","","","","","","","",""
"2024/04/01 12:37:54 PM GMT-3","5.00 / 41","EU CONCORDO COM O TCLE⠀","0.00 / 1","","Valeu pelo convite, mas hoje estou enrolado. Outra hora a gente marca.","0.00 / 1","","claro to dentro","0.00 / 1","","Sou ansioso,  estou pronto desde as 16h.","1.00 / 1","","sim cheguei ja","1.00 / 1","","Tem, tô saindo agr.","1.00 / 1","","nn sei 22h","1.00 / 1","","puts mano nem ideia mas chuta um horário ai tipo 9h","0.00 / 1","","vai cair um toro","1.00 / 1","","Claro que sim! Só não prometo que a comida vai ser boa, mas a companhia tá garantida!","0.00 / 1","","pode deixar","0.00 / 1","","","","","","","","","","","","","","","","","","","","","","","","","","","","","","","","","","","","","","","","","","","","","","","","","","","","","","","","","","","","","","","","","","","","","","","","","","","","","","","","","","","","","","","","","","",""
"2024/04/01 12:40:55 PM GMT-3","7.00 / 41","EU CONCORDO COM O TCLE⠀⠀","0.00 / 1","","","","","","","","","","","","","","","","","","","","","","","","","","","","","","","","valeu pelo convite mas hoje to enrolado outra hora a gente marca","0.00 / 1","","meu nome e pronto","1.00 / 1","","sou ansioso estou pronto desde as 16h","1.00 / 1","","Sim. Cheguei, já.","1.00 / 1","","tem to saindo agr","1.00 / 1","","Não sei. 22h?","1.00 / 1","","ta aberto ja acho que abre de 7","1.00 / 1","","Tá chovendo e trovoando. Tem nuvem no céu.","1.00 / 1","","claro que sim so nao prometo que a comida vai ser boa mas a companhia ta garantida","0.00 / 1","","sim","0.00 / 1","","","","","","","","","","","","","","","","","","","","","","","","","","","","","","","","","","","","","","","","","","","","","","","","","","","","","","","","","","","","",""
"2024/04/01 12:47:22 PM GMT-3","5.00 / 41","EU CONCORDO COM O TCLE⠀","0.00 / 1","","Oi. Já comi, obrigado.","1.00 / 1","","claro to dentro","0.00 / 1","","ja estou me arrumando mal posso esperar pelo show","0.00 / 1","","sim cheguei ja","1.00 / 1","","Tem, tô saindo agr.","1.00 / 1","","ate tarde","0.00 / 1","","Ta aberto já. Acho que abre de 7h","1.00 / 1","","vai cair um toro","1.00 / 1","","Claro que sim! Só não prometo que a comida vai ser boa, mas a companhia tá garantida!","0.00 / 1","","pode deixar","0.00 / 1","","","","","","","","","","","","","","","","","","","","","","","","","","","","","","","","","","","","","","","","","","","","","","","","","","","","","","","","","","","","","","","","","","","","","","","","","","","","","","","","","","","","","","","","","","",""
"2024/04/01 4:06:43 PM GMT-3","8.00 / 41","EU CONCORDO COM O TCLE⠀⠀⠀","0.00 / 1","","","","","","","","","","","","","","","","","","","","","","","","","","","","","","","","","","","","","","","","","","","","","","","","","","","","","","","","","","","","","","Oi. Já comi, obrigado.","1.00 / 1","","claro to dentro","0.00 / 1","","Sou ansioso. Estou pronto desde as 16h.","1.00 / 1","","sim cheguei ja","1.00 / 1","","Tem, tô saindo agr.","1.00 / 1","","nn sei 22h","1.00 / 1","","Ta aberto, já. Acho que abre de 7h.","1.00 / 1","","vai cair um toro","1.00 / 1","","claro so nao posso garantir que nao queimaremos a comida ou o apartamento","0.00 / 1","","pode deixar","1.00 / 1","","","","","","","","","","","","","","","","","","","","","","","","","","","","","","",""
"2024/04/01 5:55:23 PM GMT-3","4.00 / 41","EU CONCORDO COM O TCLE⠀⠀⠀⠀","0.00 / 1","","","","","","","","","","","","","","","","","","","","","","","","","","","","","","","","","","","","","","","","","","","","","","","","","","","","","","","","","","","","","","","","","","","","","","","","","","","","","","","","","","","","","","","","","","","","oiii ja comi obrigadooo","1.00 / 1","","Claro! Tô dentro!","0.00 / 1","","ja estou me arrumando mal posso esperar pelo show","0.00 / 1","","claro que sim","0.00 / 1","","tem to saindo agr","1.00 / 1","","Não sei. 22h?","1.00 / 1","","puts mano nem ideia mas chuta um horário ai tipo 9h","0.00 / 1","","Vai cair um toró!","1.00 / 1","","Claro! Só não posso garantir que não queimaremos a comida... ou o apartamento!","0.00 / 1","","Sim!","0.00 / 1",""
"2024/04/02 2:09:10 PM GMT-3","7.00 / 41","EU CONCORDO COM O TCLE⠀⠀","0.00 / 1","","","","","","","","","","","","","","","","","","","","","","","","","","","","","","","","oiii ja comi obrigadooo","1.00 / 1","","meu nome e pronto","1.00 / 1","","sou ansioso estou pronto desde as 16h","1.00 / 1","","Sim. Cheguei, já.","1.00 / 1","","tem to saindo agr","1.00 / 1","","ate tarde","0.00 / 1","","ta aberto ja acho que abre de 7","1.00 / 1","","Vai cair um toró!","1.00 / 1","","claro so nao posso garantir que nao queimaremos a comida ou o apartamento","0.00 / 1","","sim","0.00 / 1","","","","","","","","","","","","","","","","","","","","","","","","","","","","","","","","","","","","","","","","","","","","","","","","","","","","","","","","","","","","",""
"2024/04/02 2:15:20 PM GMT-3","4.00 / 41","EU CONCORDO COM O TCLE⠀⠀⠀","0.00 / 1","","","","","","","","","","","","","","","","","","","","","","","","","","","","","","","","","","","","","","","","","","","","","","","","","","","","","","","","","","","","","","valeu pelo convite mas hoje to enrolado outra hora a gente marca","0.00 / 1","","claro to dentro","0.00 / 1","","Já estou me arrumando! Mal posso esperar pelo show!","0.00 / 1","","claro que sim","0.00 / 1","","Tem, tô saindo agr.","1.00 / 1","","nn sei 22h","1.00 / 1","","Puts, mano, nem ideia! Mas chuta um horário aí, tipo 9h?","0.00 / 1","","vai cair um toro","1.00 / 1","","claro so nao posso garantir que nao queimaremos a comida ou o apartamento","0.00 / 1","","pode deixar","1.00 / 1","","","","","","","","","","","","","","","","","","","","","","","","","","","","","","",""
"2024/04/02 2:31:37 PM GMT-3","7.00 / 41","EU CONCORDO COM O TCLE⠀⠀⠀","0.00 / 1","","","","","","","","","","","","","","","","","","","","","","","","","","","","","","","","","","","","","","","","","","","","","","","","","","","","","","","","","","","","","","Oi. Já comi, obrigado.","1.00 / 1","","claro to dentro","0.00 / 1","","Já estou me arrumando! Mal posso esperar pelo show!","0.00 / 1","","sim cheguei ja","1.00 / 1","","Tem, tô saindo agr.","1.00 / 1","","nn sei 22h","1.00 / 1","","Ta aberto, já. Acho que abre de 7h.","1.00 / 1","","vai cair um toro","1.00 / 1","","Claro que sim! Só não prometo que a comida vai ser boa, mas a companhia tá garantida!","0.00 / 1","","pode deixar","1.00 / 1","","","","","","","","","","","","","","","","","","","","","","","","","","","","","","",""
"2024/04/02 2:40:53 PM GMT-3","8.00 / 41","EU CONCORDO COM O TCLE⠀⠀⠀⠀","0.00 / 1","","","","","","","","","","","","","","","","","","","","","","","","","","","","","","","","","","","","","","","","","","","","","","","","","","","","","","","","","","","","","","","","","","","","","","","","","","","","","","","","","","","","","","","","","","","","oiii ja comi obrigadooo","1.00 / 1","","Claro! Tô dentro!","0.00 / 1","","sou ansioso estou pronto desde as 16h","1.00 / 1","","Sim. Cheguei, já.","1.00 / 1","","tem to saindo agr","1.00 / 1","","Não sei. 22h?","1.00 / 1","","ta aberto ja acho que abre de 7","1.00 / 1","","ta chovendo e trovoando tem nuvem no ceu","1.00 / 1","","claro que sim so nao prometo que a comida vai ser boa mas a companhia ta garantida","0.00 / 1","","Pode deixar!","1.00 / 1",""
"2024/04/02 2:41:45 PM GMT-3","4.00 / 41","EU CONCORDO COM O TCLE⠀⠀⠀","0.00 / 1","","","","","","","","","","","","","","","","","","","","","","","","","","","","","","","","","","","","","","","","","","","","","","","","","","","","","","","","","","","","","","valeu pelo convite mas hoje to enrolado outra hora a gente marca","0.00 / 1","","claro to dentro","0.00 / 1","","Sou ansioso. Estou pronto desde as 16h.","1.00 / 1","","claro que sim","0.00 / 1","","claro que sim so me diz onde e quando e a coca esta garantida","0.00 / 1","","Até tarde!","0.00 / 1","","Ta aberto, já. Acho que abre de 7h.","1.00 / 1","","vai cair um toro","1.00 / 1","","claro so nao posso garantir que nao queimaremos a comida ou o apartamento","0.00 / 1","","pode deixar","1.00 / 1","","","","","","","","","","","","","","","","","","","","","","","","","","","","","","",""
"2024/04/02 6:55:12 PM GMT-3","7.00 / 41","EU CONCORDO COM O TCLE⠀⠀⠀⠀","0.00 / 1","","","","","","","","","","","","","","","","","","","","","","","","","","","","","","","","","","","","","","","","","","","","","","","","","","","","","","","","","","","","","","","","","","","","","","","","","","","","","","","","","","","","","","","","","","","","oiii ja comi obrigadooo","1.00 / 1","","Claro! Tô dentro!","0.00 / 1","","sou ansioso estou pronto desde as 16h","1.00 / 1","","Sim. Cheguei, já.","1.00 / 1","","tem to saindo agr","1.00 / 1","","Não sei. 22h?","1.00 / 1","","puts mano nem ideia mas chuta um horário ai tipo 9h","0.00 / 1","","Vai cair um toró!","1.00 / 1","","Claro! Só não posso garantir que não queimaremos a comida... ou o apartamento!","0.00 / 1","","Pode deixar!","1.00 / 1",""