"Carimbo de data/hora","Nome de usuário","Pontuação total","Sua participação no estudo consistirá em decidir entre 10 (dez) pares de mensagens qual, em cada par, é mais humana

Termo de Consentimento Livre e Esclarecido","Sua participação no estudo consistirá em decidir entre 10 (dez) pares de mensagens qual, em cada par, é mais humana

Termo de Consentimento Livre e Esclarecido [Pontuação]","Sua participação no estudo consistirá em decidir entre 10 (dez) pares de mensagens qual, em cada par, é mais humana

Termo de Consentimento Livre e Esclarecido [Feedback]","""Quer lanchar de 16h?""","""Quer lanchar de 16h?"" [Pontuação]","""Quer lanchar de 16h?"" [Feedback]","""Churrasco e piscina aqui em casa, domingo. Bora?""","""Churrasco e piscina aqui em casa, domingo. Bora?"" [Pontuação]","""Churrasco e piscina aqui em casa, domingo. Bora?"" [Feedback]","""vai se arrumar q o show é já já""","""vai se arrumar q o show é já já"" [Pontuação]","""vai se arrumar q o show é já já"" [Feedback]","""Teve treino?""","""Teve treino?"" [Pontuação]","""Teve treino?"" [Feedback]","""Ei meu lindo, tem como tu comprar uma coca 2l e dps eu passo pra tu o pix?""","""Ei meu lindo, tem como tu comprar uma coca 2l e dps eu passo pra tu o pix?"" [Pontuação]","""Ei meu lindo, tem como tu comprar uma coca 2l e dps eu passo pra tu o pix?"" [Feedback]","""Ou
Ai
Vai ate q hrs ein""","""Ou
Ai
Vai ate q hrs ein"" [Pontuação]","""Ou
Ai
Vai ate q hrs ein"" [Feedback]","""Vcs sabe q horas abre a caixa daí?""","""Vcs sabe q horas abre a caixa daí?"" [Pontuação]","""Vcs sabe q horas abre a caixa daí?"" [Feedback]","""desafio: sem usar adjetivos descreva como está o tempo hoje""","""desafio: sem usar adjetivos descreva como está o tempo hoje"" [Pontuação]","""desafio: sem usar adjetivos descreva como está o tempo hoje"" [Feedback]","""Vamos fazer um rango amanhã no seu ap?""","""Vamos fazer um rango amanhã no seu ap?"" [Pontuação]","""Vamos fazer um rango amanhã no seu ap?"" [Feedback]","""Ei, vai hj? Se sim, passa aqui primeiro""","""Ei, vai hj? Se sim, passa aqui primeiro"" [Pontuação]","""Ei, vai hj? Se sim, passa aqui primeiro"" [Feedback]","""Quer lanchar de 16h?""","""Quer lanchar de 16h?"" [Pontuação]","""Quer lanchar de 16h?"" [Feedback]","""Churrasco e piscina aqui em casa, domingo. Bora?""","""Churrasco e piscina aqui em casa, domingo. Bora?"" [Pontuação]","""Churrasco e piscina aqui em casa, domingo. Bora?"" [Feedback]","""vai se arrumar q o show é já já""","""vai se arrumar q o show é já já"" [Pontuação]","""vai se arrumar q o show é já já"" [Feedback]","""Teve treino?""","""Teve treino?"" [Pontuação]","""Teve treino?"" [Feedback]","""Ei meu lindo, tem como tu comprar uma coca 2l e dps eu passo pra tu o pix?""","""Ei meu lindo, tem como tu comprar uma coca 2l e dps eu passo pra tu o pix?"" [Pontuação]","""Ei meu lindo, tem como tu comprar uma coca 2l e dps eu passo pra tu o pix?"" [Feedback]","""Ou
Ai
Vai ate q hrs ein""","""Ou
Ai
Vai ate q hrs ein"" [Pontuação]","""Ou
Ai
Vai ate q hrs ein"" [Feedback]","""Vcs sabe q horas abre a caixa daí?""","""Vcs sabe q horas abre a caixa daí?"" [Pontuação]","""Vcs sabe q horas abre a caixa daí?"" [Feedback]","""desafio: sem usar adjetivos descreva como está o tempo hoje""","""desafio: sem usar adjetivos descreva como está o tempo hoje"" [Pontuação]","""desafio: sem usar adjetivos descreva como está o tempo hoje"" [Feedback]","""Vamos fazer um rango amanhã no seu ap?""","""Vamos fazer um rango amanhã no seu ap?"" [Pontuação]","""Vamos fazer um rango amanhã no seu ap?"" [Feedback]","""Ei, vai hj? Se sim, passa aqui primeiro""","""Ei, vai hj? Se sim, passa aqui primeiro"" [Pontuação]","""Ei, vai hj? Se sim, passa aqui primeiro"" [Feedback]","""Quer lanchar de 16h?""","""Quer lanchar de 16h?"" [Pontuação]","""Quer lanchar de 16h?"" [Feedback]","""Churrasco e piscina aqui em casa, domingo. Bora?""","""Churrasco e piscina aqui em casa, domingo. Bora?"" [Pontuação]","""Churrasco e piscina aqui em casa, domingo. Bora?"" [Feedback]","""vai se arrumar q o show é já já""","""vai se arrumar q o show é já já"" [Pontuação]","""vai se arrumar q o show é já já"" [Feedback]","""Teve treino?""","""Teve treino?"" [Pontuação]","""Teve treino?"" [Feedback]","""Ei meu lindo, tem como tu comprar uma coca 2l e dps eu passo pra tu o pix?""","""Ei meu lindo, tem como tu comprar uma coca 2l e dps eu passo pra tu o pix?"" [Pontuação]","""Ei meu lindo, tem como tu comprar uma coca 2l e dps eu passo pra tu o pix?"" [Feedback]","""Ou
Ai
Vai ate q hrs ein""","""Ou
Ai
Vai ate q hrs ein"" [Pontuação]","""Ou
Ai
Vai ate q hrs ein"" [Feedback]","""Vcs sabe q horas abre a caixa daí?""","""Vcs sabe q horas abre a caixa daí?"" [Pontuação]","""Vcs sabe q horas abre a caixa daí?"" [Feedback]","""desafio: sem usar adjetivos descreva como está o tempo hoje""","""desafio: sem usar adjetivos descreva como está o tempo hoje"" [Pontuação]","""desafio: sem usar adjetivos descreva como está o tempo hoje"" [Feedback]","""Vamos fazer um rango amanhã no seu ap?""","""Vamos fazer um rango amanhã no seu ap?"" [Pontuação]","""Vamos fazer um rango amanhã no seu ap?"" [Feedback]","""Ei, vai hj? Se sim, passa aqui primeiro""","""Ei, vai hj? Se sim, passa aqui primeiro"" [Pontuação]","""Ei, vai hj? Se sim, passa aqui primeiro"" [Feedback]","""Quer lanchar de 16h?""","""Quer lanchar de 16h?"" [Pontuação]","""Quer lanchar de 16h?"" [Feedback]","""Churrasco e piscina aqui em casa, domingo. Bora?""","""Churrasco e piscina aqui em casa, domingo. Bora?"" [Pontuação]","""Churrasco e piscina aqui em casa, domingo. Bora?"" [Feedback]","""vai se arrumar q o show é já já""","""vai se arrumar q o show é já já"" [Pontuação]","""vai se arrumar q o show é já já"" [Feedback]","""Teve treino?""","""Teve treino?"" [Pontuação]","""Teve treino?"" [Feedback]","""Ei meu lindo, tem como tu comprar uma coca 2l e dps eu passo pra tu o pix?""","""Ei meu lindo, tem como tu comprar uma coca 2l e dps eu passo pra tu o pix?"" [Pontuação]","""Ei meu lindo, tem como tu comprar uma coca 2l e dps eu passo pra tu o pix?"" [Feedback]","""Ou
Ai
Vai ate q hrs ein""","""Ou
Ai
Vai ate q hrs ein"" [Pontuação]","""Ou
Ai
Vai ate q hrs ein"" [Feedback]","""Vcs sabe q horas abre a caixa daí?""","""Vcs sabe q horas abre a caixa daí?"" [Pontuação]","""Vcs sabe q horas abre a caixa daí?"" [Feedback]","""desafio: sem usar adjetivos descreva como está o tempo hoje""","""desafio: sem usar adjetivos descreva como está o tempo hoje"" [Pontuação]","""desafio: sem usar adjetivos descreva como está o tempo hoje"" [Feedback]","""Vamos fazer um rango amanhã no seu ap?""","""Vamos fazer um rango amanhã no seu ap?"" [Pontuação]","""Vamos fazer um rango amanhã no seu ap?"" [Feedback]","""Ei, vai hj? Se sim, passa aqui primeiro""","""Ei, vai hj? Se sim, passa aqui primeiro"" [Pontuação]","""Ei, vai hj? Se sim, passa aqui primeiro"" [Feedback]",""
"2024/04/02 10:32:08 PM GMT-3","","6.00 / 41","EU CONCORDO COM O TCLE⠀","-- / 1","","Valeu pelo convite, mas hoje estou enrolado. Outra hora a gente marca.","0.00 / 1","","meu nome e pronto","1.00 / 1","","ja estou me arrumando mal posso esperar pelo show","0.00 / 1","","sim cheguei ja","1.00 / 1","","Tem, tô saindo agr.","1.00 / 1","","nn sei 22h","1.00 / 1","","Ta aberto já. Acho que abre de 7h","1.00 / 1","","vai cair um toro","1.00 / 1","","Claro que sim! Só não prometo que a comida vai ser boa, mas a companhia tá garantida!","-- / 1","","sim","0.00 / 1","","","","","","","","","","","","","","","","","","","","","","","","","","","","","","","","","","","","","","","","","","","","","","","","","","","","","","","","","","","","","","","","","","","","","","","","","","","","","","","","","","","","","","","","","","","",""
"2024/04/02 10:32:38 PM GMT-3","","8.00 / 41","EU CONCORDO COM O TCLE⠀⠀⠀","-- / 1","","","","","","","","","","","","","","","","","","","","","","","","","","","","","","","","","","","","","","","","","","","","","","","","","","","","","","","","","","","","","","Oi. Já comi, obrigado.","1.00 / 1","","Meu nome é pronto.","1.00 / 1","","Sou ansioso. Estou pronto desde as 16h.","1.00 / 1","","sim cheguei ja","1.00 / 1","","Tem, tô saindo agr.","1.00 / 1","","nn sei 22h","1.00 / 1","","Ta aberto, já. Acho que abre de 7h.","1.00 / 1","","vai cair um toro","1.00 / 1","","Claro que sim! Só não prometo que a comida vai ser boa, mas a companhia tá garantida!","-- / 1","","Sim!","0.00 / 1","","","","","","","","","","","","","","","","","","","","","","","","","","","","","","","",""
"2024/04/02 10:33:09 PM GMT-3","","7.00 / 41","EU CONCORDO COM O TCLE⠀⠀","-- / 1","","","","","","","","","","","","","","","","","","","","","","","","","","","","","","","","oiii ja comi obrigadooo","1.00 / 1","","meu nome e pronto","1.00 / 1","","sou ansioso estou pronto desde as 16h","1.00 / 1","","Sim. Cheguei, já.","1.00 / 1","","tem to saindo agr","1.00 / 1","","ate tarde","0.00 / 1","","ta aberto ja acho que abre de 7","1.00 / 1","","Vai cair um toró!","1.00 / 1","","claro so nao posso garantir que nao queimaremos a comida ou o apartamento","-- / 1","","sim","0.00 / 1","","","","","","","","","","","","","","","","","","","","","","","","","","","","","","","","","","","","","","","","","","","","","","","","","","","","","","","","","","","","","",""
"2024/04/02 10:33:48 PM GMT-3","","5.00 / 41","EU CONCORDO COM O TCLE⠀","-- / 1","","Valeu pelo convite, mas hoje estou enrolado. Outra hora a gente marca.","0.00 / 1","","claro to dentro","0.00 / 1","","ja estou me arrumando mal posso esperar pelo show","0.00 / 1","","sim cheguei ja","1.00 / 1","","Tem, tô saindo agr.","1.00 / 1","","nn sei 22h","1.00 / 1","","puts mano nem ideia mas chuta um horário ai tipo 9h","0.00 / 1","","vai cair um toro","1.00 / 1","","Claro! Só não posso garantir que não queimaremos a comida... ou o apartamento!","-- / 1","","pode deixar","1.00 / 1","","","","","","","","","","","","","","","","","","","","","","","","","","","","","","","","","","","","","","","","","","","","","","","","","","","","","","","","","","","","","","","","","","","","","","","","","","","","","","","","","","","","","","","","","","","",""
"2024/04/02 10:34:07 PM GMT-3","","6.00 / 41","EU CONCORDO COM O TCLE⠀⠀⠀","-- / 1","","","","","","","","","","","","","","","","","","","","","","","","","","","","","","","","","","","","","","","","","","","","","","","","","","","","","","","","","","","","","","valeu pelo convite mas hoje to enrolado outra hora a gente marca","0.00 / 1","","claro to dentro","0.00 / 1","","Sou ansioso. Estou pronto desde as 16h.","1.00 / 1","","sim cheguei ja","1.00 / 1","","claro que sim so me diz onde e quando e a coca esta garantida","0.00 / 1","","nn sei 22h","1.00 / 1","","Ta aberto, já. Acho que abre de 7h.","1.00 / 1","","vai cair um toro","1.00 / 1","","claro so nao posso garantir que nao queimaremos a comida ou o apartamento","-- / 1","","pode deixar","1.00 / 1","","","","","","","","","","","","","","","","","","","","","","","","","","","","","","","",""
"2024/04/02 10:34:41 PM GMT-3","","7.00 / 41","EU CONCORDO COM O TCLE⠀⠀⠀","-- / 1","","","","","","","","","","","","","","","","","","","","","","","","","","","","","","","","","","","","","","","","","","","","","","","","","","","","","","","","","","","","","","valeu pelo convite mas hoje to enrolado outra hora a gente marca","0.00 / 1","","claro to dentro","0.00 / 1","","Sou ansioso. Estou pronto desde as 16h.","1.00 / 1","","sim cheguei ja","1.00 / 1","","Tem, tô saindo agr.","1.00 / 1","","nn sei 22h","1.00 / 1","","Ta aberto, já. Acho que abre de 7h.","1.00 / 1","","vai cair um toro","1.00 / 1","","claro so nao posso garantir que nao queimaremos a comida ou o apartamento","-- / 1","","pode deixar","1.00 / 1","","","","","","","","","","","","","","","","","","","","","","","","","","","","","","","",""
"2024/04/02 10:35:20 PM GMT-3","","7.00 / 41","EU CONCORDO COM O TCLE⠀","-- / 1","","Valeu pelo convite, mas hoje estou enrolado. Outra hora a gente marca.","0.00 / 1","","meu nome e pronto","1.00 / 1","","Sou ansioso,  estou pronto desde as 16h.","1.00 / 1","","sim cheguei ja","1.00 / 1","","Tem, tô saindo agr.","1.00 / 1","","nn sei 22h","1.00 / 1","","puts mano nem ideia mas chuta um horário ai tipo 9h","0.00 / 1","","vai cair um toro","1.00 / 1","","Claro que sim! Só não prometo que a comida vai ser boa, mas a companhia tá garantida!","-- / 1","","pode deixar","1.00 / 1","","","","","","","","","","","","","","","","","","","","","","","","","","","","","","","","","","","","","","","","","","","","","","","","","","","","","","","","","","","","","","","","","","","","","","","","","","","","","","","","","","","","","","","","","","","",""
"2024/04/02 10:35:21 PM GMT-3","","6.00 / 41","EU CONCORDO COM O TCLE⠀⠀⠀","-- / 1","","","","","","","","","","","","","","","","","","","","","","","","","","","","","","","","","","","","","","","","","","","","","","","","","","","","","","","","","","","","","","valeu pelo convite mas hoje to enrolado outra hora a gente marca","0.00 / 1","","claro to dentro","0.00 / 1","","Sou ansioso. Estou pronto desde as 16h.","1.00 / 1","","sim cheguei ja","1.00 / 1","","claro que sim so me diz onde e quando e a coca esta garantida","0.00 / 1","","nn sei 22h","1.00 / 1","","Ta aberto, já. Acho que abre de 7h.","1.00 / 1","","vai cair um toro","1.00 / 1","","claro so nao posso garantir que nao queimaremos a comida ou o apartamento","-- / 1","","pode deixar","1.00 / 1","","","","","","","","","","","","","","","","","","","","","","","","","","","","","","","",""
"2024/04/02 10:36:08 PM GMT-3","","5.00 / 41","EU CONCORDO COM O TCLE⠀⠀⠀","-- / 1","","","","","","","","","","","","","","","","","","","","","","","","","","","","","","","","","","","","","","","","","","","","","","","","","","","","","","","","","","","","","","valeu pelo convite mas hoje to enrolado outra hora a gente marca","0.00 / 1","","claro to dentro","0.00 / 1","","Já estou me arrumando! Mal posso esperar pelo show!","0.00 / 1","","sim cheguei ja","1.00 / 1","","Tem, tô saindo agr.","1.00 / 1","","Até tarde!","0.00 / 1","","Ta aberto, já. Acho que abre de 7h.","1.00 / 1","","vai cair um toro","1.00 / 1","","claro so nao posso garantir que nao queimaremos a comida ou o apartamento","-- / 1","","pode deixar","1.00 / 1","","","","","","","","","","","","","","","","","","","","","","","","","","","","","","","",""
"2024/04/02 10:36:21 PM GMT-3","","5.00 / 41","EU CONCORDO COM O TCLE⠀⠀","-- / 1","","","","","","","","","","","","","","","","","","","","","","","","","","","","","","","","valeu pelo convite mas hoje to enrolado outra hora a gente marca","0.00 / 1","","Claro! Tô dentro!","0.00 / 1","","Já estou me arrumando! Mal posso esperar pelo show!","0.00 / 1","","Sim. Cheguei, já.","1.00 / 1","","tem to saindo agr","1.00 / 1","","ate tarde","0.00 / 1","","ta aberto ja acho que abre de 7","1.00 / 1","","Vai cair um toró!","1.00 / 1","","claro que sim so nao prometo que a comida vai ser boa mas a companhia ta garantida","-- / 1","","Pode deixar!","1.00 / 1","","","","","","","","","","","","","","","","","","","","","","","","","","","","","","","","","","","","","","","","","","","","","","","","","","","","","","","","","","","","","",""
"2024/04/02 10:37:17 PM GMT-3","","8.00 / 41","EU CONCORDO COM O TCLE⠀⠀⠀⠀","-- / 1","","","","","","","","","","","","","","","","","","","","","","","","","","","","","","","","","","","","","","","","","","","","","","","","","","","","","","","","","","","","","","","","","","","","","","","","","","","","","","","","","","","","","","","","","","","","oiii ja comi obrigadooo","1.00 / 1","","Meu nome é pronto.","1.00 / 1","","sou ansioso estou pronto desde as 16h","1.00 / 1","","Sim. Cheguei, já.","1.00 / 1","","tem to saindo agr","1.00 / 1","","Não sei. 22h?","1.00 / 1","","puts mano nem ideia mas chuta um horário ai tipo 9h","0.00 / 1","","ta chovendo e trovoando tem nuvem no ceu","1.00 / 1","","claro que sim so nao prometo que a comida vai ser boa mas a companhia ta garantida","-- / 1","","Pode deixar!","1.00 / 1","",""
"2024/04/02 10:37:20 PM GMT-3","","7.00 / 41","EU CONCORDO COM O TCLE⠀⠀","-- / 1","","","","","","","","","","","","","","","","","","","","","","","","","","","","","","","","oiii ja comi obrigadooo","1.00 / 1","","meu nome e pronto","1.00 / 1","","sou ansioso estou pronto desde as 16h","1.00 / 1","","Sim. Cheguei, já.","1.00 / 1","","tem to saindo agr","1.00 / 1","","ate tarde","0.00 / 1","","ta aberto ja acho que abre de 7","1.00 / 1","","Vai cair um toró!","1.00 / 1","","claro so nao posso garantir que nao queimaremos a comida ou o apartamento","-- / 1","","sim","0.00 / 1","","","","","","","","","","","","","","","","","","","","","","","","","","","","","","","","","","","","","","","","","","","","","","","","","","","","","","","","","","","","","",""
"2024/04/02 10:37:55 PM GMT-3","","6.00 / 41","EU CONCORDO COM O TCLE⠀","-- / 1","","Oi. Já comi, obrigado.","1.00 / 1","","meu nome e pronto","1.00 / 1","","ja estou me arrumando mal posso esperar pelo show","0.00 / 1","","sim cheguei ja","1.00 / 1","","Tem, tô saindo agr.","1.00 / 1","","nn sei 22h","1.00 / 1","","puts mano nem ideia mas chuta um horário ai tipo 9h","0.00 / 1","","vai cair um toro","1.00 / 1","","Claro que sim! Só não prometo que a comida vai ser boa, mas a companhia tá garantida!","-- / 1","","sim","0.00 / 1","","","","","","","","","","","","","","","","","","","","","","","","","","","","","","","","","","","","","","","","","","","","","","","","","","","","","","","","","","","","","","","","","","","","","","","","","","","","","","","","","","","","","","","","","","","",""
"2024/04/02 10:39:49 PM GMT-3","","6.00 / 41","EU CONCORDO COM O TCLE⠀⠀⠀","-- / 1","","","","","","","","","","","","","","","","","","","","","","","","","","","","","","","","","","","","","","","","","","","","","","","","","","","","","","","","","","","","","","valeu pelo convite mas hoje to enrolado outra hora a gente marca","0.00 / 1","","Meu nome é pronto.","1.00 / 1","","Já estou me arrumando! Mal posso esperar pelo show!","0.00 / 1","","sim cheguei ja","1.00 / 1","","Tem, tô saindo agr.","1.00 / 1","","nn sei 22h","1.00 / 1","","Puts, mano, nem ideia! Mas chuta um horário aí, tipo 9h?","0.00 / 1","","vai cair um toro","1.00 / 1","","claro so nao posso garantir que nao queimaremos a comida ou o apartamento","-- / 1","","pode deixar","1.00 / 1","","","","","","","","","","","","","","","","","","","","","","","","","","","","","","","",""
"2024/04/02 10:40:14 PM GMT-3","","6.00 / 41","EU CONCORDO COM O TCLE⠀⠀⠀","-- / 1","","","","","","","","","","","","","","","","","","","","","","","","","","","","","","","","","","","","","","","","","","","","","","","","","","","","","","","","","","","","","","valeu pelo convite mas hoje to enrolado outra hora a gente marca","0.00 / 1","","claro to dentro","0.00 / 1","","Sou ansioso. Estou pronto desde as 16h.","1.00 / 1","","sim cheguei ja","1.00 / 1","","Tem, tô saindo agr.","1.00 / 1","","nn sei 22h","1.00 / 1","","Ta aberto, já. Acho que abre de 7h.","1.00 / 1","","vai cair um toro","1.00 / 1","","claro so nao posso garantir que nao queimaremos a comida ou o apartamento","-- / 1","","Sim!","0.00 / 1","","","","","","","","","","","","","","","","","","","","","","","","","","","","","","","",""
"2024/04/02 10:40:17 PM GMT-3","","9.00 / 41","EU CONCORDO COM O TCLE⠀⠀⠀⠀","-- / 1","","","","","","","","","","","","","","","","","","","","","","","","","","","","","","","","","","","","","","","","","","","","","","","","","","","","","","","","","","","","","","","","","","","","","","","","","","","","","","","","","","","","","","","","","","","","oiii ja comi obrigadooo","1.00 / 1","","Meu nome é pronto.","1.00 / 1","","sou ansioso estou pronto desde as 16h","1.00 / 1","","Sim. Cheguei, já.","1.00 / 1","","tem to saindo agr","1.00 / 1","","Não sei. 22h?","1.00 / 1","","ta aberto ja acho que abre de 7","1.00 / 1","","Vai cair um toró!","1.00 / 1","","claro que sim so nao prometo que a comida vai ser boa mas a companhia ta garantida","-- / 1","","Pode deixar!","1.00 / 1","",""
"2024/04/02 10:40:50 PM GMT-3","","7.00 / 41","EU CONCORDO COM O TCLE⠀⠀⠀⠀","-- / 1","","","","","","","","","","","","","","","","","","","","","","","","","","","","","","","","","","","","","","","","","","","","","","","","","","","","","","","","","","","","","","","","","","","","","","","","","","","","","","","","","","","","","","","","","","","","oiii ja comi obrigadooo","1.00 / 1","","Meu nome é pronto.","1.00 / 1","","sou ansioso estou pronto desde as 16h","1.00 / 1","","Sim. Cheguei, já.","1.00 / 1","","tem to saindo agr","1.00 / 1","","Até tarde!","0.00 / 1","","ta aberto ja acho que abre de 7","1.00 / 1","","ta chovendo e trovoando tem nuvem no ceu","1.00 / 1","","claro que sim so nao prometo que a comida vai ser boa mas a companhia ta garantida","-- / 1","","Sim!","0.00 / 1","",""
"2024/04/02 10:41:47 PM GMT-3","","4.00 / 41","EU CONCORDO COM O TCLE⠀","-- / 1","","Valeu pelo convite, mas hoje estou enrolado. Outra hora a gente marca.","0.00 / 1","","claro to dentro","0.00 / 1","","ja estou me arrumando mal posso esperar pelo show","0.00 / 1","","sim cheguei ja","1.00 / 1","","Tem, tô saindo agr.","1.00 / 1","","ate tarde","0.00 / 1","","puts mano nem ideia mas chuta um horário ai tipo 9h","0.00 / 1","","vai cair um toro","1.00 / 1","","Claro que sim! Só não prometo que a comida vai ser boa, mas a companhia tá garantida!","-- / 1","","pode deixar","1.00 / 1","","","","","","","","","","","","","","","","","","","","","","","","","","","","","","","","","","","","","","","","","","","","","","","","","","","","","","","","","","","","","","","","","","","","","","","","","","","","","","","","","","","","","","","","","","","",""
"2024/04/02 10:42:47 PM GMT-3","","8.00 / 41","EU CONCORDO COM O TCLE⠀⠀⠀⠀","-- / 1","","","","","","","","","","","","","","","","","","","","","","","","","","","","","","","","","","","","","","","","","","","","","","","","","","","","","","","","","","","","","","","","","","","","","","","","","","","","","","","","","","","","","","","","","","","","oiii ja comi obrigadooo","1.00 / 1","","Meu nome é pronto.","1.00 / 1","","sou ansioso estou pronto desde as 16h","1.00 / 1","","Sim. Cheguei, já.","1.00 / 1","","tem to saindo agr","1.00 / 1","","Até tarde!","0.00 / 1","","ta aberto ja acho que abre de 7","1.00 / 1","","Vai cair um toró!","1.00 / 1","","Claro! Só não posso garantir que não queimaremos a comida... ou o apartamento!","-- / 1","","Pode deixar!","1.00 / 1","",""
"2024/04/02 10:46:22 PM GMT-3","juliaokmenezes@gmail.com","7.00 / 41","EU CONCORDO COM O TCLE⠀⠀","-- / 1","","","","","","","","","","","","","","","","","","","","","","","","","","","","","","","","oiii ja comi obrigadooo","1.00 / 1","","meu nome e pronto","1.00 / 1","","sou ansioso estou pronto desde as 16h","1.00 / 1","","Sim. Cheguei, já.","1.00 / 1","","tem to saindo agr","1.00 / 1","","ate tarde","0.00 / 1","","ta aberto ja acho que abre de 7","1.00 / 1","","Tá chovendo e trovoando. Tem nuvem no céu.","1.00 / 1","","claro que sim so nao prometo que a comida vai ser boa mas a companhia ta garantida","0.00 / 1","","sim","0.00 / 1","","","","","","","","","","","","","","","","","","","","","","","","","","","","","","","","","","","","","","","","","","","","","","","","","","","","","","","","","","","","","",""
"2024/04/02 10:46:56 PM GMT-3","mateus.almeida@ccc.ufcg.edu.br","9.00 / 41","EU CONCORDO COM O TCLE⠀⠀⠀","-- / 1","","","","","","","","","","","","","","","","","","","","","","","","","","","","","","","","","","","","","","","","","","","","","","","","","","","","","","","","","","","","","","Oi. Já comi, obrigado.","1.00 / 1","","Meu nome é pronto.","1.00 / 1","","Sou ansioso. Estou pronto desde as 16h.","1.00 / 1","","sim cheguei ja","1.00 / 1","","Tem, tô saindo agr.","1.00 / 1","","nn sei 22h","1.00 / 1","","Ta aberto, já. Acho que abre de 7h.","1.00 / 1","","vai cair um toro","1.00 / 1","","Claro que sim! Só não prometo que a comida vai ser boa, mas a companhia tá garantida!","0.00 / 1","","pode deixar","1.00 / 1","","","","","","","","","","","","","","","","","","","","","","","","","","","","","","","",""
"2024/04/02 10:50:01 PM GMT-3","rafaelabarboza1234@gmail.com","7.00 / 41","EU CONCORDO COM O TCLE⠀⠀","-- / 1","","","","","","","","","","","","","","","","","","","","","","","","","","","","","","","","oiii ja comi obrigadooo","1.00 / 1","","meu nome e pronto","1.00 / 1","","sou ansioso estou pronto desde as 16h","1.00 / 1","","Sim. Cheguei, já.","1.00 / 1","","tem to saindo agr","1.00 / 1","","ate tarde","0.00 / 1","","ta aberto ja acho que abre de 7","1.00 / 1","","Vai cair um toró!","1.00 / 1","","claro que sim so nao prometo que a comida vai ser boa mas a companhia ta garantida","0.00 / 1","","sim","0.00 / 1","","","","","","","","","","","","","","","","","","","","","","","","","","","","","","","","","","","","","","","","","","","","","","","","","","","","","","","","","","","","","",""
"2024/04/02 10:51:26 PM GMT-3","marcia.thais.revoredo.aires@ccc.ufcg.edu.br","8.00 / 41","EU CONCORDO COM O TCLE⠀⠀⠀","-- / 1","","","","","","","","","","","","","","","","","","","","","","","","","","","","","","","","","","","","","","","","","","","","","","","","","","","","","","","","","","","","","","valeu pelo convite mas hoje to enrolado outra hora a gente marca","0.00 / 1","","Meu nome é pronto.","1.00 / 1","","Sou ansioso. Estou pronto desde as 16h.","1.00 / 1","","sim cheguei ja","1.00 / 1","","Tem, tô saindo agr.","1.00 / 1","","nn sei 22h","1.00 / 1","","Ta aberto, já. Acho que abre de 7h.","1.00 / 1","","vai cair um toro","1.00 / 1","","Claro que sim! Só não prometo que a comida vai ser boa, mas a companhia tá garantida!","0.00 / 1","","pode deixar","1.00 / 1","","","","","","","","","","","","","","","","","","","","","","","","","","","","","","","",""
"2024/04/02 10:51:27 PM GMT-3","mariana.lucena@ccc.ufcg.edu.br","6.00 / 41","EU CONCORDO COM O TCLE⠀⠀⠀⠀","-- / 1","","","","","","","","","","","","","","","","","","","","","","","","","","","","","","","","","","","","","","","","","","","","","","","","","","","","","","","","","","","","","","","","","","","","","","","","","","","","","","","","","","","","","","","","","","","","oiii ja comi obrigadooo","1.00 / 1","","Meu nome é pronto.","1.00 / 1","","sou ansioso estou pronto desde as 16h","1.00 / 1","","claro que sim","0.00 / 1","","tem to saindo agr","1.00 / 1","","Não sei. 22h?","1.00 / 1","","puts mano nem ideia mas chuta um horário ai tipo 9h","0.00 / 1","","Vai cair um toró!","1.00 / 1","","claro que sim so nao prometo que a comida vai ser boa mas a companhia ta garantida","0.00 / 1","","Sim!","0.00 / 1","",""
"2024/04/02 10:57:27 PM GMT-3","cristovao.candido.neto@ccc.ufcg.edu.br","5.00 / 41","EU CONCORDO COM O TCLE⠀","-- / 1","","Valeu pelo convite, mas hoje estou enrolado. Outra hora a gente marca.","0.00 / 1","","claro to dentro","0.00 / 1","","ja estou me arrumando mal posso esperar pelo show","0.00 / 1","","sim cheguei ja","1.00 / 1","","Tem, tô saindo agr.","1.00 / 1","","ate tarde","0.00 / 1","","Ta aberto já. Acho que abre de 7h","1.00 / 1","","vai cair um toro","1.00 / 1","","Claro que sim! Só não prometo que a comida vai ser boa, mas a companhia tá garantida!","-- / 1","","pode deixar","1.00 / 1","","","","","","","","","","","","","","","","","","","","","","","","","","","","","","","","","","","","","","","","","","","","","","","","","","","","","","","","","","","","","","","","","","","","","","","","","","","","","","","","","","","","","","","","","","","",""
"2024/04/02 11:30:44 PM GMT-3","gabriel.rodrigues@ccc.ufcg.edu.br","7.00 / 41","EU CONCORDO COM O TCLE⠀⠀","-- / 1","","","","","","","","","","","","","","","","","","","","","","","","","","","","","","","","oiii ja comi obrigadooo","1.00 / 1","","meu nome e pronto","1.00 / 1","","sou ansioso estou pronto desde as 16h","1.00 / 1","","Sim. Cheguei, já.","1.00 / 1","","tem to saindo agr","1.00 / 1","","ate tarde","0.00 / 1","","ta aberto ja acho que abre de 7","1.00 / 1","","Vai cair um toró!","1.00 / 1","","claro que sim so nao prometo que a comida vai ser boa mas a companhia ta garantida","-- / 1","","sim","0.00 / 1","","","","","","","","","","","","","","","","","","","","","","","","","","","","","","","","","","","","","","","","","","","","","","","","","","","","","","","","","","","","","",""
"2024/04/02 11:39:04 PM GMT-3","carmelitabraga8@gmail.com","5.00 / 41","EU CONCORDO COM O TCLE⠀⠀⠀","-- / 1","","","","","","","","","","","","","","","","","","","","","","","","","","","","","","","","","","","","","","","","","","","","","","","","","","","","","","","","","","","","","","valeu pelo convite mas hoje to enrolado outra hora a gente marca","0.00 / 1","","claro to dentro","0.00 / 1","","Sou ansioso. Estou pronto desde as 16h.","1.00 / 1","","sim cheguei ja","1.00 / 1","","claro que sim so me diz onde e quando e a coca esta garantida","0.00 / 1","","nn sei 22h","1.00 / 1","","Puts, mano, nem ideia! Mas chuta um horário aí, tipo 9h?","0.00 / 1","","vai cair um toro","1.00 / 1","","claro so nao posso garantir que nao queimaremos a comida ou o apartamento","-- / 1","","pode deixar","1.00 / 1","","","","","","","","","","","","","","","","","","","","","","","","","","","","","","","",""
"2024/04/02 11:39:33 PM GMT-3","maria.clara.oliveira.guedes@ccc.ufcg.edu.br","9.00 / 41","EU CONCORDO COM O TCLE⠀","-- / 1","","Oi. Já comi, obrigado.","1.00 / 1","","meu nome e pronto","1.00 / 1","","Sou ansioso,  estou pronto desde as 16h.","1.00 / 1","","sim cheguei ja","1.00 / 1","","Tem, tô saindo agr.","1.00 / 1","","nn sei 22h","1.00 / 1","","Ta aberto já. Acho que abre de 7h","1.00 / 1","","vai cair um toro","1.00 / 1","","Claro! Só não posso garantir que não queimaremos a comida... ou o apartamento!","-- / 1","","pode deixar","1.00 / 1","","","","","","","","","","","","","","","","","","","","","","","","","","","","","","","","","","","","","","","","","","","","","","","","","","","","","","","","","","","","","","","","","","","","","","","","","","","","","","","","","","","","","","","","","","","",""
"2024/04/02 11:41:05 PM GMT-3","bg.mariavitoria@gmail.com","7.00 / 41","EU CONCORDO COM O TCLE⠀⠀⠀⠀","-- / 1","","","","","","","","","","","","","","","","","","","","","","","","","","","","","","","","","","","","","","","","","","","","","","","","","","","","","","","","","","","","","","","","","","","","","","","","","","","","","","","","","","","","","","","","","","","","oiii ja comi obrigadooo","1.00 / 1","","Meu nome é pronto.","1.00 / 1","","sou ansioso estou pronto desde as 16h","1.00 / 1","","claro que sim","0.00 / 1","","tem to saindo agr","1.00 / 1","","Não sei. 22h?","1.00 / 1","","ta aberto ja acho que abre de 7","1.00 / 1","","ta chovendo e trovoando tem nuvem no ceu","1.00 / 1","","claro que sim so nao prometo que a comida vai ser boa mas a companhia ta garantida","-- / 1","","","","",""
"2024/04/03 3:53:55 AM GMT-3","jonatas.santos@ccc.ufcg.edu.br","7.00 / 41","EU CONCORDO COM O TCLE⠀⠀⠀⠀","-- / 1","","","","","","","","","","","","","","","","","","","","","","","","","","","","","","","","","","","","","","","","","","","","","","","","","","","","","","","","","","","","","","","","","","","","","","","","","","","","","","","","","","","","","","","","","","","","oiii ja comi obrigadooo","1.00 / 1","","Meu nome é pronto.","1.00 / 1","","sou ansioso estou pronto desde as 16h","1.00 / 1","","claro que sim","0.00 / 1","","tem to saindo agr","1.00 / 1","","Até tarde!","0.00 / 1","","ta aberto ja acho que abre de 7","1.00 / 1","","ta chovendo e trovoando tem nuvem no ceu","1.00 / 1","","claro que sim so nao prometo que a comida vai ser boa mas a companhia ta garantida","-- / 1","","Pode deixar!","1.00 / 1","",""
"2024/04/03 6:03:15 AM GMT-3","eduardafarias0307@gmail.com","7.00 / 41","EU CONCORDO COM O TCLE⠀⠀","-- / 1","","","","","","","","","","","","","","","","","","","","","","","","","","","","","","","","oiii ja comi obrigadooo","1.00 / 1","","meu nome e pronto","1.00 / 1","","sou ansioso estou pronto desde as 16h","1.00 / 1","","Sim. Cheguei, já.","1.00 / 1","","tem to saindo agr","1.00 / 1","","ate tarde","0.00 / 1","","ta aberto ja acho que abre de 7","1.00 / 1","","Vai cair um toró!","1.00 / 1","","claro que sim so nao prometo que a comida vai ser boa mas a companhia ta garantida","-- / 1","","sim","0.00 / 1","","","","","","","","","","","","","","","","","","","","","","","","","","","","","","","","","","","","","","","","","","","","","","","","","","","","","","","","","","","","","","Opção 1"
"2024/04/03 6:44:39 AM GMT-3","dadidu03@gmail.com","6.00 / 41","EU CONCORDO COM O TCLE⠀⠀","-- / 1","","","","","","","","","","","","","","","","","","","","","","","","","","","","","","","","oiii ja comi obrigadooo","1.00 / 1","","Claro! Tô dentro!","0.00 / 1","","sou ansioso estou pronto desde as 16h","1.00 / 1","","Claro que sim!","0.00 / 1","","tem to saindo agr","1.00 / 1","","Não sei. 22h?","1.00 / 1","","ta aberto ja acho que abre de 7","1.00 / 1","","Vai cair um toró!","1.00 / 1","","claro que sim so nao prometo que a comida vai ser boa mas a companhia ta garantida","-- / 1","","sim","0.00 / 1","","","","","","","","","","","","","","","","","","","","","","","","","","","","","","","","","","","","","","","","","","","","","","","","","","","","","","","","","","","","","",""
"2024/04/03 6:48:45 AM GMT-3","guilherme908r@gmail.com","6.00 / 41","EU CONCORDO COM O TCLE⠀⠀","-- / 1","","","","","","","","","","","","","","","","","","","","","","","","","","","","","","","","oiii ja comi obrigadooo","1.00 / 1","","meu nome e pronto","1.00 / 1","","sou ansioso estou pronto desde as 16h","1.00 / 1","","Sim. Cheguei, já.","1.00 / 1","","claro que sim so me diz onde e quando e a coca esta garantida","0.00 / 1","","ate tarde","0.00 / 1","","ta aberto ja acho que abre de 7","1.00 / 1","","Vai cair um toró!","1.00 / 1","","claro so nao posso garantir que nao queimaremos a comida ou o apartamento","-- / 1","","sim","0.00 / 1","","","","","","","","","","","","","","","","","","","","","","","","","","","","","","","","","","","","","","","","","","","","","","","","","","","","","","","","","","","","","",""
"2024/04/03 6:52:17 AM GMT-3","jandyralivya.jl@gmail.com","8.00 / 41","EU CONCORDO COM O TCLE⠀","-- / 1","","Oi. Já comi, obrigado.","1.00 / 1","","meu nome e pronto","1.00 / 1","","Sou ansioso,  estou pronto desde as 16h.","1.00 / 1","","sim cheguei ja","1.00 / 1","","Tem, tô saindo agr.","1.00 / 1","","nn sei 22h","1.00 / 1","","puts mano nem ideia mas chuta um horário ai tipo 9h","0.00 / 1","","vai cair um toro","1.00 / 1","","Claro! Só não posso garantir que não queimaremos a comida... ou o apartamento!","-- / 1","","pode deixar","1.00 / 1","","","","","","","","","","","","","","","","","","","","","","","","","","","","","","","","","","","","","","","","","","","","","","","","","","","","","","","","","","","","","","","","","","","","","","","","","","","","","","","","","","","","","","","","","","","",""
"2024/04/03 7:02:28 AM GMT-3","arthurhcdamasceno@gmail.com","5.00 / 41","EU CONCORDO COM O TCLE⠀⠀⠀⠀","-- / 1","","","","","","","","","","","","","","","","","","","","","","","","","","","","","","","","","","","","","","","","","","","","","","","","","","","","","","","","","","","","","","","","","","","","","","","","","","","","","","","","","","","","","","","","","","","","oiii ja comi obrigadooo","1.00 / 1","","Meu nome é pronto.","1.00 / 1","","sou ansioso estou pronto desde as 16h","1.00 / 1","","claro que sim","0.00 / 1","","Claro que sim! Só me diz onde e quando, e a Coca está garantida!","0.00 / 1","","Não sei. 22h?","1.00 / 1","","puts mano nem ideia mas chuta um horário ai tipo 9h","0.00 / 1","","Vai cair um toró!","1.00 / 1","","Claro! Só não posso garantir que não queimaremos a comida... ou o apartamento!","-- / 1","","Sim!","0.00 / 1","",""
"2024/04/03 7:03:46 AM GMT-3","guilherme.toledo@ccc.ufcg.edu.br","5.00 / 41","EU CONCORDO COM O TCLE⠀⠀⠀⠀","-- / 1","","","","","","","","","","","","","","","","","","","","","","","","","","","","","","","","","","","","","","","","","","","","","","","","","","","","","","","","","","","","","","","","","","","","","","","","","","","","","","","","","","","","","","","","","","","","oiii ja comi obrigadooo","1.00 / 1","","Meu nome é pronto.","1.00 / 1","","sou ansioso estou pronto desde as 16h","1.00 / 1","","claro que sim","0.00 / 1","","tem to saindo agr","1.00 / 1","","Até tarde!","0.00 / 1","","puts mano nem ideia mas chuta um horário ai tipo 9h","0.00 / 1","","Vai cair um toró!","1.00 / 1","","claro que sim so nao prometo que a comida vai ser boa mas a companhia ta garantida","-- / 1","","Sim!","0.00 / 1","",""
"2024/04/03 7:09:24 AM GMT-3","bitiepolo@gmail.com","7.00 / 41","EU CONCORDO COM O TCLE⠀⠀⠀⠀","-- / 1","","","","","","","","","","","","","","","","","","","","","","","","","","","","","","","","","","","","","","","","","","","","","","","","","","","","","","","","","","","","","","","","","","","","","","","","","","","","","","","","","","","","","","","","","","","","oiii ja comi obrigadooo","1.00 / 1","","Meu nome é pronto.","1.00 / 1","","sou ansioso estou pronto desde as 16h","1.00 / 1","","claro que sim","0.00 / 1","","tem to saindo agr","1.00 / 1","","Até tarde!","0.00 / 1","","ta aberto ja acho que abre de 7","1.00 / 1","","ta chovendo e trovoando tem nuvem no ceu","1.00 / 1","","claro que sim so nao prometo que a comida vai ser boa mas a companhia ta garantida","-- / 1","","Pode deixar!","1.00 / 1","",""
"2024/04/03 8:06:50 AM GMT-3","guilherme.toledo@ccc.ufcg.edu.br","5.00 / 41","EU CONCORDO COM O TCLE⠀⠀⠀⠀","-- / 1","","","","","","","","","","","","","","","","","","","","","","","","","","","","","","","","","","","","","","","","","","","","","","","","","","","","","","","","","","","","","","","","","","","","","","","","","","","","","","","","","","","","","","","","","","","","Valeu pelo convite, mas hoje estou enrolado. Outra hora a gente marca!","0.00 / 1","","Meu nome é pronto.","1.00 / 1","","sou ansioso estou pronto desde as 16h","1.00 / 1","","claro que sim","0.00 / 1","","tem to saindo agr","1.00 / 1","","Até tarde!","0.00 / 1","","ta aberto ja acho que abre de 7","1.00 / 1","","ta chovendo e trovoando tem nuvem no ceu","1.00 / 1","","claro que sim so nao prometo que a comida vai ser boa mas a companhia ta garantida","-- / 1","","Sim!","0.00 / 1","",""
"2024/04/03 10:11:34 AM GMT-3","guilherme.toledo@ccc.ufcg.edu.br","6.00 / 41","EU CONCORDO COM O TCLE⠀⠀⠀⠀","-- / 1","","","","","","","","","","","","","","","","","","","","","","","","","","","","","","","","","","","","","","","","","","","","","","","","","","","","","","","","","","","","","","","","","","","","","","","","","","","","","","","","","","","","","","","","","","","","oiii ja comi obrigadooo","1.00 / 1","","Meu nome é pronto.","1.00 / 1","","sou ansioso estou pronto desde as 16h","1.00 / 1","","claro que sim","0.00 / 1","","tem to saindo agr","1.00 / 1","","Não sei. 22h?","1.00 / 1","","puts mano nem ideia mas chuta um horário ai tipo 9h","0.00 / 1","","Vai cair um toró!","1.00 / 1","","claro que sim so nao prometo que a comida vai ser boa mas a companhia ta garantida","-- / 1","","Sim!","0.00 / 1","",""
"2024/04/03 11:52:21 AM GMT-3","melissa.araujo@ccc.ufcg.edu.br","6.00 / 41","EU CONCORDO COM O TCLE⠀","-- / 1","","Valeu pelo convite, mas hoje estou enrolado. Outra hora a gente marca.","0.00 / 1","","meu nome e pronto","1.00 / 1","","ja estou me arrumando mal posso esperar pelo show","0.00 / 1","","sim cheguei ja","1.00 / 1","","Tem, tô saindo agr.","1.00 / 1","","nn sei 22h","1.00 / 1","","puts mano nem ideia mas chuta um horário ai tipo 9h","0.00 / 1","","vai cair um toro","1.00 / 1","","Claro que sim! Só não prometo que a comida vai ser boa, mas a companhia tá garantida!","-- / 1","","pode deixar","1.00 / 1","","","","","","","","","","","","","","","","","","","","","","","","","","","","","","","","","","","","","","","","","","","","","","","","","","","","","","","","","","","","","","","","","","","","","","","","","","","","","","","","","","","","","","","","","","","",""
"2024/04/03 11:55:55 AM GMT-3","guilherme.toledo@ccc.ufcg.edu.br","7.00 / 41","EU CONCORDO COM O TCLE⠀⠀⠀","-- / 1","","","","","","","","","","","","","","","","","","","","","","","","","","","","","","","","","","","","","","","","","","","","","","","","","","","","","","","","","","","","","","valeu pelo convite mas hoje to enrolado outra hora a gente marca","0.00 / 1","","claro to dentro","0.00 / 1","","Sou ansioso. Estou pronto desde as 16h.","1.00 / 1","","sim cheguei ja","1.00 / 1","","Tem, tô saindo agr.","1.00 / 1","","nn sei 22h","1.00 / 1","","Ta aberto, já. Acho que abre de 7h.","1.00 / 1","","vai cair um toro","1.00 / 1","","claro so nao posso garantir que nao queimaremos a comida ou o apartamento","-- / 1","","pode deixar","1.00 / 1","","","","","","","","","","","","","","","","","","","","","","","","","","","","","","","",""
"2024/04/03 2:42:42 PM GMT-3","jose.lima@ccc.ufcg.edu.br","5.00 / 41","EU CONCORDO COM O TCLE⠀⠀⠀⠀","-- / 1","","","","","","","","","","","","","","","","","","","","","","","","","","","","","","","","","","","","","","","","","","","","","","","","","","","","","","","","","","","","","","","","","","","","","","","","","","","","","","","","","","","","","","","","","","","","Valeu pelo convite, mas hoje estou enrolado. Outra hora a gente marca!","0.00 / 1","","Claro! Tô dentro!","0.00 / 1","","sou ansioso estou pronto desde as 16h","1.00 / 1","","Sim. Cheguei, já.","1.00 / 1","","tem to saindo agr","1.00 / 1","","Até tarde!","0.00 / 1","","ta aberto ja acho que abre de 7","1.00 / 1","","Vai cair um toró!","1.00 / 1","","claro que sim so nao prometo que a comida vai ser boa mas a companhia ta garantida","-- / 1","","Sim!","0.00 / 1","",""
"2024/04/03 10:03:14 PM GMT-3","sophia.c.estabile@gmail.com","7.00 / 41","EU CONCORDO COM O TCLE⠀⠀","-- / 1","","","","","","","","","","","","","","","","","","","","","","","","","","","","","","","","oiii ja comi obrigadooo","1.00 / 1","","meu nome e pronto","1.00 / 1","","sou ansioso estou pronto desde as 16h","1.00 / 1","","Sim. Cheguei, já.","1.00 / 1","","tem to saindo agr","1.00 / 1","","ate tarde","0.00 / 1","","ta aberto ja acho que abre de 7","1.00 / 1","","Vai cair um toró!","1.00 / 1","","claro que sim so nao prometo que a comida vai ser boa mas a companhia ta garantida","-- / 1","","sim","0.00 / 1","","","","","","","","","","","","","","","","","","","","","","","","","","","","","","","","","","","","","","","","","","","","","","","","","","","","","","","","","","","","","",""
"2024/04/03 10:04:23 PM GMT-3","arthuramon.souza93@gmail.com","5.00 / 41","EU CONCORDO COM O TCLE⠀⠀⠀","-- / 1","","","","","","","","","","","","","","","","","","","","","","","","","","","","","","","","","","","","","","","","","","","","","","","","","","","","","","","","","","","","","","valeu pelo convite mas hoje to enrolado outra hora a gente marca","0.00 / 1","","claro to dentro","0.00 / 1","","Sou ansioso. Estou pronto desde as 16h.","1.00 / 1","","claro que sim","0.00 / 1","","Tem, tô saindo agr.","1.00 / 1","","nn sei 22h","1.00 / 1","","Puts, mano, nem ideia! Mas chuta um horário aí, tipo 9h?","0.00 / 1","","vai cair um toro","1.00 / 1","","Claro que sim! Só não prometo que a comida vai ser boa, mas a companhia tá garantida!","-- / 1","","pode deixar","1.00 / 1","","","","","","","","","","","","","","","","","","","","","","","","","","","","","","","",""
"2024/04/03 10:07:42 PM GMT-3","pedrotargin@gmail.com","8.00 / 41","EU CONCORDO COM O TCLE⠀⠀⠀⠀","-- / 1","","","","","","","","","","","","","","","","","","","","","","","","","","","","","","","","","","","","","","","","","","","","","","","","","","","","","","","","","","","","","","","","","","","","","","","","","","","","","","","","","","","","","","","","","","","","oiii ja comi obrigadooo","1.00 / 1","","Meu nome é pronto.","1.00 / 1","","sou ansioso estou pronto desde as 16h","1.00 / 1","","claro que sim","0.00 / 1","","tem to saindo agr","1.00 / 1","","Não sei. 22h?","1.00 / 1","","ta aberto ja acho que abre de 7","1.00 / 1","","ta chovendo e trovoando tem nuvem no ceu","1.00 / 1","","claro que sim so nao prometo que a comida vai ser boa mas a companhia ta garantida","-- / 1","","Pode deixar!","1.00 / 1","",""
"2024/04/03 10:42:00 PM GMT-3","davibto1427@gmail.com","6.00 / 41","EU CONCORDO COM O TCLE⠀⠀","-- / 1","","","","","","","","","","","","","","","","","","","","","","","","","","","","","","","","valeu pelo convite mas hoje to enrolado outra hora a gente marca","0.00 / 1","","meu nome e pronto","1.00 / 1","","sou ansioso estou pronto desde as 16h","1.00 / 1","","Sim. Cheguei, já.","1.00 / 1","","tem to saindo agr","1.00 / 1","","ate tarde","0.00 / 1","","ta aberto ja acho que abre de 7","1.00 / 1","","Tá chovendo e trovoando. Tem nuvem no céu.","1.00 / 1","","claro que sim so nao prometo que a comida vai ser boa mas a companhia ta garantida","-- / 1","","sim","0.00 / 1","","","","","","","","","","","","","","","","","","","","","","","","","","","","","","","","","","","","","","","","","","","","","","","","","","","","","","","","","","","","","",""
"2024/04/04 7:10:57 AM GMT-3","bitiepolo@gmail.com","7.00 / 41","EU CONCORDO COM O TCLE⠀⠀⠀⠀","-- / 1","","","","","","","","","","","","","","","","","","","","","","","","","","","","","","","","","","","","","","","","","","","","","","","","","","","","","","","","","","","","","","","","","","","","","","","","","","","","","","","","","","","","","","","","","","","","oiii ja comi obrigadooo","1.00 / 1","","Meu nome é pronto.","1.00 / 1","","sou ansioso estou pronto desde as 16h","1.00 / 1","","claro que sim","0.00 / 1","","tem to saindo agr","1.00 / 1","","Até tarde!","0.00 / 1","","ta aberto ja acho que abre de 7","1.00 / 1","","ta chovendo e trovoando tem nuvem no ceu","1.00 / 1","","Claro! Só não posso garantir que não queimaremos a comida... ou o apartamento!","-- / 1","","Pode deixar!","1.00 / 1","",""
"2024/04/04 3:16:07 PM GMT-3","joaopaulo.eng.eletrica@gmail.com","7.00 / 41","EU CONCORDO COM O TCLE⠀⠀","-- / 1","","","","","","","","","","","","","","","","","","","","","","","","","","","","","","","","oiii ja comi obrigadooo","1.00 / 1","","meu nome e pronto","1.00 / 1","","sou ansioso estou pronto desde as 16h","1.00 / 1","","Sim. Cheguei, já.","1.00 / 1","","tem to saindo agr","1.00 / 1","","ate tarde","0.00 / 1","","ta aberto ja acho que abre de 7","1.00 / 1","","Vai cair um toró!","1.00 / 1","","claro que sim so nao prometo que a comida vai ser boa mas a companhia ta garantida","-- / 1","","sim","0.00 / 1","","","","","","","","","","","","","","","","","","","","","","","","","","","","","","","","","","","","","","","","","","","","","","","","","","","","","","","","","","","","","",""
"2024/04/04 4:42:14 PM GMT-3","mariane.zeitouni@ccc.ufcg.edu.br","7.00 / 41","EU CONCORDO COM O TCLE⠀⠀⠀⠀","-- / 1","","","","","","","","","","","","","","","","","","","","","","","","","","","","","","","","","","","","","","","","","","","","","","","","","","","","","","","","","","","","","","","","","","","","","","","","","","","","","","","","","","","","","","","","","","","","oiii ja comi obrigadooo","1.00 / 1","","Meu nome é pronto.","1.00 / 1","","sou ansioso estou pronto desde as 16h","1.00 / 1","","claro que sim","0.00 / 1","","tem to saindo agr","1.00 / 1","","Até tarde!","0.00 / 1","","ta aberto ja acho que abre de 7","1.00 / 1","","Vai cair um toró!","1.00 / 1","","claro que sim so nao prometo que a comida vai ser boa mas a companhia ta garantida","-- / 1","","Pode deixar!","1.00 / 1","",""
"2024/04/04 8:28:07 PM GMT-3","franklin.oliveira@ccc.ufcg.edu.br","7.00 / 41","EU CONCORDO COM O TCLE⠀⠀⠀⠀","-- / 1","","","","","","","","","","","","","","","","","","","","","","","","","","","","","","","","","","","","","","","","","","","","","","","","","","","","","","","","","","","","","","","","","","","","","","","","","","","","","","","","","","","","","","","","","","","","oiii ja comi obrigadooo","1.00 / 1","","Meu nome é pronto.","1.00 / 1","","sou ansioso estou pronto desde as 16h","1.00 / 1","","claro que sim","0.00 / 1","","tem to saindo agr","1.00 / 1","","Não sei. 22h?","1.00 / 1","","puts mano nem ideia mas chuta um horário ai tipo 9h","0.00 / 1","","ta chovendo e trovoando tem nuvem no ceu","1.00 / 1","","claro que sim so nao prometo que a comida vai ser boa mas a companhia ta garantida","-- / 1","","Pode deixar!","1.00 / 1","",""
"2024/04/05 7:36:49 AM GMT-3","guilherme.toledo@ccc.ufcg.edu.br","6.00 / 41","EU CONCORDO COM O TCLE⠀","-- / 1","","Valeu pelo convite, mas hoje estou enrolado. Outra hora a gente marca.","0.00 / 1","","meu nome e pronto","1.00 / 1","","Sou ansioso,  estou pronto desde as 16h.","1.00 / 1","","Claro que sim!","0.00 / 1","","Tem, tô saindo agr.","1.00 / 1","","ate tarde","0.00 / 1","","Ta aberto já. Acho que abre de 7h","1.00 / 1","","Tá chovendo e trovoando. Tem nuvem no céu.","1.00 / 1","","Claro que sim! Só não prometo que a comida vai ser boa, mas a companhia tá garantida!","-- / 1","","pode deixar","1.00 / 1","","","","","","","","","","","","","","","","","","","","","","","","","","","","","","","","","","","","","","","","","","","","","","","","","","","","","","","","","","","","","","","","","","","","","","","","","","","","","","","","","","","","","","","","","","","",""