"Carimbo de data/hora","Nome de usuário","Pontuação total","Sua participação no estudo consistirá em decidir entre 10 (dez) pares de mensagens qual, em cada par, é mais humana

Termo de Consentimento Livre e Esclarecido","Sua participação no estudo consistirá em decidir entre 10 (dez) pares de mensagens qual, em cada par, é mais humana

Termo de Consentimento Livre e Esclarecido [Pontuação]","Sua participação no estudo consistirá em decidir entre 10 (dez) pares de mensagens qual, em cada par, é mais humana

Termo de Consentimento Livre e Esclarecido [Feedback]","""Quer lanchar de 16h?""","""Quer lanchar de 16h?"" [Pontuação]","""Quer lanchar de 16h?"" [Feedback]","""Churrasco e piscina aqui em casa, domingo. Bora?""","""Churrasco e piscina aqui em casa, domingo. Bora?"" [Pontuação]","""Churrasco e piscina aqui em casa, domingo. Bora?"" [Feedback]","""vai se arrumar q o show é já já""","""vai se arrumar q o show é já já"" [Pontuação]","""vai se arrumar q o show é já já"" [Feedback]","""Teve treino?""","""Teve treino?"" [Pontuação]","""Teve treino?"" [Feedback]","""Ei meu lindo, tem como tu comprar uma coca 2l e dps eu passo pra tu o pix?""","""Ei meu lindo, tem como tu comprar uma coca 2l e dps eu passo pra tu o pix?"" [Pontuação]","""Ei meu lindo, tem como tu comprar uma coca 2l e dps eu passo pra tu o pix?"" [Feedback]","""Ou
Ai
Vai ate q hrs ein""","""Ou
Ai
Vai ate q hrs ein"" [Pontuação]","""Ou
Ai
Vai ate q hrs ein"" [Feedback]","""Vcs sabe q horas abre a caixa daí?""","""Vcs sabe q horas abre a caixa daí?"" [Pontuação]","""Vcs sabe q horas abre a caixa daí?"" [Feedback]","""desafio: sem usar adjetivos descreva como está o tempo hoje""","""desafio: sem usar adjetivos descreva como está o tempo hoje"" [Pontuação]","""desafio: sem usar adjetivos descreva como está o tempo hoje"" [Feedback]","""Vamos fazer um rango amanhã no seu ap?""","""Vamos fazer um rango amanhã no seu ap?"" [Pontuação]","""Vamos fazer um rango amanhã no seu ap?"" [Feedback]","""Ei, vai hj? Se sim, passa aqui primeiro""","""Ei, vai hj? Se sim, passa aqui primeiro"" [Pontuação]","""Ei, vai hj? Se sim, passa aqui primeiro"" [Feedback]","""Quer lanchar de 16h?""","""Quer lanchar de 16h?"" [Pontuação]","""Quer lanchar de 16h?"" [Feedback]","""Churrasco e piscina aqui em casa, domingo. Bora?""","""Churrasco e piscina aqui em casa, domingo. Bora?"" [Pontuação]","""Churrasco e piscina aqui em casa, domingo. Bora?"" [Feedback]","""vai se arrumar q o show é já já""","""vai se arrumar q o show é já já"" [Pontuação]","""vai se arrumar q o show é já já"" [Feedback]","""Teve treino?""","""Teve treino?"" [Pontuação]","""Teve treino?"" [Feedback]","""Ei meu lindo, tem como tu comprar uma coca 2l e dps eu passo pra tu o pix?""","""Ei meu lindo, tem como tu comprar uma coca 2l e dps eu passo pra tu o pix?"" [Pontuação]","""Ei meu lindo, tem como tu comprar uma coca 2l e dps eu passo pra tu o pix?"" [Feedback]","""Ou
Ai
Vai ate q hrs ein""","""Ou
Ai
Vai ate q hrs ein"" [Pontuação]","""Ou
Ai
Vai ate q hrs ein"" [Feedback]","""Vcs sabe q horas abre a caixa daí?""","""Vcs sabe q horas abre a caixa daí?"" [Pontuação]","""Vcs sabe q horas abre a caixa daí?"" [Feedback]","""desafio: sem usar adjetivos descreva como está o tempo hoje""","""desafio: sem usar adjetivos descreva como está o tempo hoje"" [Pontuação]","""desafio: sem usar adjetivos descreva como está o tempo hoje"" [Feedback]","""Vamos fazer um rango amanhã no seu ap?""","""Vamos fazer um rango amanhã no seu ap?"" [Pontuação]","""Vamos fazer um rango amanhã no seu ap?"" [Feedback]","""Ei, vai hj? Se sim, passa aqui primeiro""","""Ei, vai hj? Se sim, passa aqui primeiro"" [Pontuação]","""Ei, vai hj? Se sim, passa aqui primeiro"" [Feedback]","""Quer lanchar de 16h?""","""Quer lanchar de 16h?"" [Pontuação]","""Quer lanchar de 16h?"" [Feedback]","""Churrasco e piscina aqui em casa, domingo. Bora?""","""Churrasco e piscina aqui em casa, domingo. Bora?"" [Pontuação]","""Churrasco e piscina aqui em casa, domingo. Bora?"" [Feedback]","""vai se arrumar q o show é já já""","""vai se arrumar q o show é já já"" [Pontuação]","""vai se arrumar q o show é já já"" [Feedback]","""Teve treino?""","""Teve treino?"" [Pontuação]","""Teve treino?"" [Feedback]","""Ei meu lindo, tem como tu comprar uma coca 2l e dps eu passo pra tu o pix?""","""Ei meu lindo, tem como tu comprar uma coca 2l e dps eu passo pra tu o pix?"" [Pontuação]","""Ei meu lindo, tem como tu comprar uma coca 2l e dps eu passo pra tu o pix?"" [Feedback]","""Ou
Ai
Vai ate q hrs ein""","""Ou
Ai
Vai ate q hrs ein"" [Pontuação]","""Ou
Ai
Vai ate q hrs ein"" [Feedback]","""Vcs sabe q horas abre a caixa daí?""","""Vcs sabe q horas abre a caixa daí?"" [Pontuação]","""Vcs sabe q horas abre a caixa daí?"" [Feedback]","""desafio: sem usar adjetivos descreva como está o tempo hoje""","""desafio: sem usar adjetivos descreva como está o tempo hoje"" [Pontuação]","""desafio: sem usar adjetivos descreva como está o tempo hoje"" [Feedback]","""Vamos fazer um rango amanhã no seu ap?""","""Vamos fazer um rango amanhã no seu ap?"" [Pontuação]","""Vamos fazer um rango amanhã no seu ap?"" [Feedback]","""Ei, vai hj? Se sim, passa aqui primeiro""","""Ei, vai hj? Se sim, passa aqui primeiro"" [Pontuação]","""Ei, vai hj? Se sim, passa aqui primeiro"" [Feedback]","""Quer lanchar de 16h?""","""Quer lanchar de 16h?"" [Pontuação]","""Quer lanchar de 16h?"" [Feedback]","""Churrasco e piscina aqui em casa, domingo. Bora?""","""Churrasco e piscina aqui em casa, domingo. Bora?"" [Pontuação]","""Churrasco e piscina aqui em casa, domingo. Bora?"" [Feedback]","""vai se arrumar q o show é já já""","""vai se arrumar q o show é já já"" [Pontuação]","""vai se arrumar q o show é já já"" [Feedback]","""Teve treino?""","""Teve treino?"" [Pontuação]","""Teve treino?"" [Feedback]","""Ei meu lindo, tem como tu comprar uma coca 2l e dps eu passo pra tu o pix?""","""Ei meu lindo, tem como tu comprar uma coca 2l e dps eu passo pra tu o pix?"" [Pontuação]","""Ei meu lindo, tem como tu comprar uma coca 2l e dps eu passo pra tu o pix?"" [Feedback]","""Ou
Ai
Vai ate q hrs ein""","""Ou
Ai
Vai ate q hrs ein"" [Pontuação]","""Ou
Ai
Vai ate q hrs ein"" [Feedback]","""Vcs sabe q horas abre a caixa daí?""","""Vcs sabe q horas abre a caixa daí?"" [Pontuação]","""Vcs sabe q horas abre a caixa daí?"" [Feedback]","""desafio: sem usar adjetivos descreva como está o tempo hoje""","""desafio: sem usar adjetivos descreva como está o tempo hoje"" [Pontuação]","""desafio: sem usar adjetivos descreva como está o tempo hoje"" [Feedback]","""Vamos fazer um rango amanhã no seu ap?""","""Vamos fazer um rango amanhã no seu ap?"" [Pontuação]","""Vamos fazer um rango amanhã no seu ap?"" [Feedback]","""Ei, vai hj? Se sim, passa aqui primeiro""","""Ei, vai hj? Se sim, passa aqui primeiro"" [Pontuação]","""Ei, vai hj? Se sim, passa aqui primeiro"" [Feedback]"
"2024/04/16 12:24:46 PM GMT-3","guilherme.toledo@ccc.ufcg.edu.br","6.00 / 41","EU CONCORDO COM O TCLE⠀⠀","-- / 1","","","","","","","","","","","","","","","","","","","","","","","","","","","","","","","","oiii ja comi obrigadooo","1.00 / 1","","meu nome e pronto","1.00 / 1","","sou ansioso estou pronto desde as 16h","1.00 / 1","","Claro que sim!","0.00 / 1","","tem to saindo agr","1.00 / 1","","Não sei. 22h?","1.00 / 1","","","","","Vai cair um toró!","1.00 / 1","","claro so nao posso garantir que nao queimaremos a comida ou o apartamento","-- / 1","","sim","0.00 / 1","","","","","","","","","","","","","","","","","","","","","","","","","","","","","","","","","","","","","","","","","","","","","","","","","","","","","","","","","","","","",""
"2024/04/16 1:03:02 PM GMT-3","ismael.silva.neto@ccc.ufcg.edu.br","8.00 / 41","EU CONCORDO COM O TCLE⠀⠀⠀⠀","-- / 1","","","","","","","","","","","","","","","","","","","","","","","","","","","","","","","","","","","","","","","","","","","","","","","","","","","","","","","","","","","","","","","","","","","","","","","","","","","","","","","","","","","","","","","","","","","","oiii ja comi obrigadooo","1.00 / 1","","Meu nome é pronto.","1.00 / 1","","sou ansioso estou pronto desde as 16h","1.00 / 1","","Sim. Cheguei, já.","1.00 / 1","","tem to saindo agr","1.00 / 1","","Até tarde!","0.00 / 1","","ta aberto ja acho que abre de 7","1.00 / 1","","Vai cair um toró!","1.00 / 1","","claro que sim so nao prometo que a comida vai ser boa mas a companhia ta garantida","-- / 1","","Pode deixar!","1.00 / 1",""
"2024/04/16 1:24:04 PM GMT-3","cristovao.candido.neto@ccc.ufcg.edu.br","6.00 / 41","EU CONCORDO COM O TCLE⠀⠀⠀⠀","-- / 1","","","","","","","","","","","","","","","","","","","","","","","","","","","","","","","","","","","","","","","","","","","","","","","","","","","","","","","","","","","","","","","","","","","","","","","","","","","","","","","","","","","","","","","","","","","","oiii ja comi obrigadooo","1.00 / 1","","Claro! Tô dentro!","0.00 / 1","","ja estou me arrumando mal posso esperar pelo show","0.00 / 1","","Sim. Cheguei, já.","1.00 / 1","","tem to saindo agr","1.00 / 1","","Até tarde!","0.00 / 1","","ta aberto ja acho que abre de 7","1.00 / 1","","Vai cair um toró!","1.00 / 1","","claro que sim so nao prometo que a comida vai ser boa mas a companhia ta garantida","-- / 1","","Pode deixar!","1.00 / 1",""
"2024/04/16 11:34:12 PM GMT-3","emanuel.araujo@aluno.uepb.edu.br","8.00 / 41","EU CONCORDO COM O TCLE⠀⠀","-- / 1","","","","","","","","","","","","","","","","","","","","","","","","","","","","","","","","oiii ja comi obrigadooo","1.00 / 1","","meu nome e pronto","1.00 / 1","","sou ansioso estou pronto desde as 16h","1.00 / 1","","Sim. Cheguei, já.","1.00 / 1","","tem to saindo agr","1.00 / 1","","Não sei. 22h?","1.00 / 1","","ta aberto ja acho que abre de 7","1.00 / 1","","Vai cair um toró!","1.00 / 1","","claro que sim so nao prometo que a comida vai ser boa mas a companhia ta garantida","-- / 1","","sim","0.00 / 1","","","","","","","","","","","","","","","","","","","","","","","","","","","","","","","","","","","","","","","","","","","","","","","","","","","","","","","","","","","","",""
"2024/04/17 12:32:27 PM GMT-3","ailton.junior@ccc.ufcg.edu.br","6.00 / 41","EU CONCORDO COM O TCLE⠀","-- / 1","","Oi. Já comi, obrigado.","1.00 / 1","","claro to dentro","0.00 / 1","","ja estou me arrumando mal posso esperar pelo show","0.00 / 1","","sim cheguei ja","1.00 / 1","","Tem, tô saindo agr.","1.00 / 1","","nn sei 22h","1.00 / 1","","Ta aberto já. Acho que abre de 7h","1.00 / 1","","vai cair um toro","1.00 / 1","","Claro! Só não posso garantir que não queimaremos a comida... ou o apartamento!","-- / 1","","sim","0.00 / 1","","","","","","","","","","","","","","","","","","","","","","","","","","","","","","","","","","","","","","","","","","","","","","","","","","","","","","","","","","","","","","","","","","","","","","","","","","","","","","","","","","","","","","","","","","",""
"2024/04/17 5:57:01 PM GMT-3","lucas.alves@ccc.ufcg.edu.br","5.00 / 41","EU CONCORDO COM O TCLE⠀⠀⠀⠀","-- / 1","","","","","","","","","","","","","","","","","","","","","","","","","","","","","","","","","","","","","","","","","","","","","","","","","","","","","","","","","","","","","","","","","","","","","","","","","","","","","","","","","","","","","","","","","","","","oiii ja comi obrigadooo","1.00 / 1","","Meu nome é pronto.","1.00 / 1","","sou ansioso estou pronto desde as 16h","1.00 / 1","","claro que sim","0.00 / 1","","tem to saindo agr","1.00 / 1","","Até tarde!","0.00 / 1","","puts mano nem ideia mas chuta um horário ai tipo 9h","0.00 / 1","","ta chovendo e trovoando tem nuvem no ceu","1.00 / 1","","claro que sim so nao prometo que a comida vai ser boa mas a companhia ta garantida","-- / 1","","Sim!","0.00 / 1",""
"2024/04/18 2:37:55 PM GMT-3","felipejdrabello@gmail.com","4.00 / 41","EU CONCORDO COM O TCLE⠀⠀⠀","-- / 1","","","","","","","","","","","","","","","","","","","","","","","","","","","","","","","","","","","","","","","","","","","","","","","","","","","","","","","","","","","","","","valeu pelo convite mas hoje to enrolado outra hora a gente marca","0.00 / 1","","claro to dentro","0.00 / 1","","Já estou me arrumando! Mal posso esperar pelo show!","0.00 / 1","","claro que sim","0.00 / 1","","claro que sim so me diz onde e quando e a coca esta garantida","0.00 / 1","","nn sei 22h","1.00 / 1","","Ta aberto, já. Acho que abre de 7h.","1.00 / 1","","vai cair um toro","1.00 / 1","","claro so nao posso garantir que nao queimaremos a comida ou o apartamento","-- / 1","","pode deixar","1.00 / 1","","","","","","","","","","","","","","","","","","","","","","","","","","","","","","",""
"2024/04/18 2:39:40 PM GMT-3","denismunizsousa@gmail.com","7.00 / 41","EU CONCORDO COM O TCLE⠀⠀⠀⠀","-- / 1","","","","","","","","","","","","","","","","","","","","","","","","","","","","","","","","","","","","","","","","","","","","","","","","","","","","","","","","","","","","","","","","","","","","","","","","","","","","","","","","","","","","","","","","","","","","oiii ja comi obrigadooo","1.00 / 1","","Meu nome é pronto.","1.00 / 1","","sou ansioso estou pronto desde as 16h","1.00 / 1","","claro que sim","0.00 / 1","","tem to saindo agr","1.00 / 1","","Até tarde!","0.00 / 1","","ta aberto ja acho que abre de 7","1.00 / 1","","ta chovendo e trovoando tem nuvem no ceu","1.00 / 1","","claro que sim so nao prometo que a comida vai ser boa mas a companhia ta garantida","-- / 1","","Pode deixar!","1.00 / 1",""
"2024/04/18 2:41:08 PM GMT-3","steylor.barros@ccc.ufcg.edu.br","7.00 / 41","EU CONCORDO COM O TCLE⠀⠀","-- / 1","","","","","","","","","","","","","","","","","","","","","","","","","","","","","","","","oiii ja comi obrigadooo","1.00 / 1","","meu nome e pronto","1.00 / 1","","sou ansioso estou pronto desde as 16h","1.00 / 1","","Sim. Cheguei, já.","1.00 / 1","","tem to saindo agr","1.00 / 1","","ate tarde","0.00 / 1","","ta aberto ja acho que abre de 7","1.00 / 1","","Tá chovendo e trovoando. Tem nuvem no céu.","1.00 / 1","","claro so nao posso garantir que nao queimaremos a comida ou o apartamento","-- / 1","","sim","0.00 / 1","","","","","","","","","","","","","","","","","","","","","","","","","","","","","","","","","","","","","","","","","","","","","","","","","","","","","","","","","","","","",""
"2024/04/18 2:41:37 PM GMT-3","arthur.pordeus@aluno.uepb.edu.br","4.00 / 41","EU CONCORDO COM O TCLE⠀⠀⠀⠀","-- / 1","","","","","","","","","","","","","","","","","","","","","","","","","","","","","","","","","","","","","","","","","","","","","","","","","","","","","","","","","","","","","","","","","","","","","","","","","","","","","","","","","","","","","","","","","","","","Valeu pelo convite, mas hoje estou enrolado. Outra hora a gente marca!","0.00 / 1","","Meu nome é pronto.","1.00 / 1","","ja estou me arrumando mal posso esperar pelo show","0.00 / 1","","claro que sim","0.00 / 1","","Claro que sim! Só me diz onde e quando, e a Coca está garantida!","0.00 / 1","","Até tarde!","0.00 / 1","","ta aberto ja acho que abre de 7","1.00 / 1","","ta chovendo e trovoando tem nuvem no ceu","1.00 / 1","","claro que sim so nao prometo que a comida vai ser boa mas a companhia ta garantida","-- / 1","","Pode deixar!","1.00 / 1",""
"2024/04/18 3:02:27 PM GMT-3","luizjmduarte@gmail.com","6.00 / 41","EU CONCORDO COM O TCLE⠀","-- / 1","","Valeu pelo convite, mas hoje estou enrolado. Outra hora a gente marca.","0.00 / 1","","claro to dentro","0.00 / 1","","Sou ansioso,  estou pronto desde as 16h.","1.00 / 1","","sim cheguei ja","1.00 / 1","","Tem, tô saindo agr.","1.00 / 1","","nn sei 22h","1.00 / 1","","puts mano nem ideia mas chuta um horário ai tipo 9h","0.00 / 1","","vai cair um toro","1.00 / 1","","Claro! Só não posso garantir que não queimaremos a comida... ou o apartamento!","-- / 1","","pode deixar","1.00 / 1","","","","","","","","","","","","","","","","","","","","","","","","","","","","","","","","","","","","","","","","","","","","","","","","","","","","","","","","","","","","","","","","","","","","","","","","","","","","","","","","","","","","","","","","","","",""
"2024/04/18 3:22:42 PM GMT-3","daniel.guimaraes@estudante.ufcg.edu.br","6.00 / 41","EU CONCORDO COM O TCLE⠀⠀⠀","-- / 1","","","","","","","","","","","","","","","","","","","","","","","","","","","","","","","","","","","","","","","","","","","","","","","","","","","","","","","","","","","","","","valeu pelo convite mas hoje to enrolado outra hora a gente marca","0.00 / 1","","claro to dentro","0.00 / 1","","Sou ansioso. Estou pronto desde as 16h.","1.00 / 1","","sim cheguei ja","1.00 / 1","","Tem, tô saindo agr.","1.00 / 1","","nn sei 22h","1.00 / 1","","Ta aberto, já. Acho que abre de 7h.","1.00 / 1","","ta chovendo e trovoando tem nuvem no ceu","1.00 / 1","","claro so nao posso garantir que nao queimaremos a comida ou o apartamento","-- / 1","","Sim!","0.00 / 1","","","","","","","","","","","","","","","","","","","","","","","","","","","","","","",""
"2024/04/18 4:14:52 PM GMT-3","ian.rufino03@gmail.com","7.00 / 41","EU CONCORDO COM O TCLE⠀⠀⠀","-- / 1","","","","","","","","","","","","","","","","","","","","","","","","","","","","","","","","","","","","","","","","","","","","","","","","","","","","","","","","","","","","","","valeu pelo convite mas hoje to enrolado outra hora a gente marca","0.00 / 1","","claro to dentro","0.00 / 1","","Sou ansioso. Estou pronto desde as 16h.","1.00 / 1","","sim cheguei ja","1.00 / 1","","Tem, tô saindo agr.","1.00 / 1","","nn sei 22h","1.00 / 1","","Ta aberto, já. Acho que abre de 7h.","1.00 / 1","","ta chovendo e trovoando tem nuvem no ceu","1.00 / 1","","claro so nao posso garantir que nao queimaremos a comida ou o apartamento","-- / 1","","pode deixar","1.00 / 1","","","","","","","","","","","","","","","","","","","","","","","","","","","","","","",""
"2024/04/18 4:19:22 PM GMT-3","pedrohgc77@gmail.com","8.00 / 41","EU CONCORDO COM O TCLE⠀⠀⠀⠀","-- / 1","","","","","","","","","","","","","","","","","","","","","","","","","","","","","","","","","","","","","","","","","","","","","","","","","","","","","","","","","","","","","","","","","","","","","","","","","","","","","","","","","","","","","","","","","","","","oiii ja comi obrigadooo","1.00 / 1","","Meu nome é pronto.","1.00 / 1","","sou ansioso estou pronto desde as 16h","1.00 / 1","","Sim. Cheguei, já.","1.00 / 1","","tem to saindo agr","1.00 / 1","","Não sei. 22h?","1.00 / 1","","ta aberto ja acho que abre de 7","1.00 / 1","","ta chovendo e trovoando tem nuvem no ceu","1.00 / 1","","claro que sim so nao prometo que a comida vai ser boa mas a companhia ta garantida","-- / 1","","Sim!","0.00 / 1",""
"2024/04/18 4:31:13 PM GMT-3","andre.neves@ccc.ufcg.edu.br","6.00 / 41","EU CONCORDO COM O TCLE⠀⠀⠀⠀","-- / 1","","","","","","","","","","","","","","","","","","","","","","","","","","","","","","","","","","","","","","","","","","","","","","","","","","","","","","","","","","","","","","","","","","","","","","","","","","","","","","","","","","","","","","","","","","","","oiii ja comi obrigadooo","1.00 / 1","","Meu nome é pronto.","1.00 / 1","","ja estou me arrumando mal posso esperar pelo show","0.00 / 1","","claro que sim","0.00 / 1","","tem to saindo agr","1.00 / 1","","Não sei. 22h?","1.00 / 1","","puts mano nem ideia mas chuta um horário ai tipo 9h","0.00 / 1","","Vai cair um toró!","1.00 / 1","","claro que sim so nao prometo que a comida vai ser boa mas a companhia ta garantida","-- / 1","","Pode deixar!","1.00 / 1",""
"2024/04/18 5:01:47 PM GMT-3","erick.pereira@ccc.ufcg.edu.br","7.00 / 41","EU CONCORDO COM O TCLE⠀","-- / 1","","Valeu pelo convite, mas hoje estou enrolado. Outra hora a gente marca.","0.00 / 1","","meu nome e pronto","1.00 / 1","","Sou ansioso,  estou pronto desde as 16h.","1.00 / 1","","sim cheguei ja","1.00 / 1","","Tem, tô saindo agr.","1.00 / 1","","nn sei 22h","1.00 / 1","","puts mano nem ideia mas chuta um horário ai tipo 9h","0.00 / 1","","vai cair um toro","1.00 / 1","","Claro! Só não posso garantir que não queimaremos a comida... ou o apartamento!","-- / 1","","pode deixar","1.00 / 1","","","","","","","","","","","","","","","","","","","","","","","","","","","","","","","","","","","","","","","","","","","","","","","","","","","","","","","","","","","","","","","","","","","","","","","","","","","","","","","","","","","","","","","","","","",""
"2024/04/18 5:45:04 PM GMT-3","lucas.emanuel.silva@aluno.uepb.edu.br","4.00 / 41","EU CONCORDO COM O TCLE⠀⠀⠀","-- / 1","","","","","","","","","","","","","","","","","","","","","","","","","","","","","","","","","","","","","","","","","","","","","","","","","","","","","","","","","","","","","","valeu pelo convite mas hoje to enrolado outra hora a gente marca","0.00 / 1","","claro to dentro","0.00 / 1","","Sou ansioso. Estou pronto desde as 16h.","1.00 / 1","","claro que sim","0.00 / 1","","claro que sim so me diz onde e quando e a coca esta garantida","0.00 / 1","","Até tarde!","0.00 / 1","","Ta aberto, já. Acho que abre de 7h.","1.00 / 1","","vai cair um toro","1.00 / 1","","claro so nao posso garantir que nao queimaremos a comida ou o apartamento","-- / 1","","pode deixar","1.00 / 1","","","","","","","","","","","","","","","","","","","","","","","","","","","","","","",""
"2024/04/18 6:26:07 PM GMT-3","loolirer@gmail.com","6.00 / 41","EU CONCORDO COM O TCLE⠀","-- / 1","","Valeu pelo convite, mas hoje estou enrolado. Outra hora a gente marca.","0.00 / 1","","meu nome e pronto","1.00 / 1","","Sou ansioso,  estou pronto desde as 16h.","1.00 / 1","","sim cheguei ja","1.00 / 1","","Tem, tô saindo agr.","1.00 / 1","","nn sei 22h","1.00 / 1","","puts mano nem ideia mas chuta um horário ai tipo 9h","0.00 / 1","","vai cair um toro","1.00 / 1","","Claro que sim! Só não prometo que a comida vai ser boa, mas a companhia tá garantida!","-- / 1","","sim","0.00 / 1","","","","","","","","","","","","","","","","","","","","","","","","","","","","","","","","","","","","","","","","","","","","","","","","","","","","","","","","","","","","","","","","","","","","","","","","","","","","","","","","","","","","","","","","","","",""
"2024/04/18 7:31:05 PM GMT-3","iago.ricardo@estudante.ufcg.edu.br","7.00 / 41","EU CONCORDO COM O TCLE⠀⠀⠀","-- / 1","","","","","","","","","","","","","","","","","","","","","","","","","","","","","","","","","","","","","","","","","","","","","","","","","","","","","","","","","","","","","","Oi. Já comi, obrigado.","1.00 / 1","","claro to dentro","0.00 / 1","","Sou ansioso. Estou pronto desde as 16h.","1.00 / 1","","sim cheguei ja","1.00 / 1","","Tem, tô saindo agr.","1.00 / 1","","Até tarde!","0.00 / 1","","Ta aberto, já. Acho que abre de 7h.","1.00 / 1","","vai cair um toro","1.00 / 1","","claro so nao posso garantir que nao queimaremos a comida ou o apartamento","-- / 1","","pode deixar","1.00 / 1","","","","","","","","","","","","","","","","","","","","","","","","","","","","","","",""